id,station_id,time,weather,temperature,pressure,humidity,wind_direction,wind_speed
2028533,shunyi_meo,2018-04-01 01:00:00,Hail,15.5,1009.2,51.0,0.5,82.0
2028534,hadian_meo,2018-04-01 01:00:00,Hail,15.7,1006.8,51.0,1.8,50.0
2028535,yanqing_meo,2018-04-01 01:00:00,Hail,12.6,955.6,33.0,0.8,34.0
2028536,miyun_meo,2018-04-01 01:00:00,Hail,14.8,1004.0,40.0,0.2,999017.0
2028537,huairou_meo,2018-04-01 01:00:00,Hail,15.3,1003.4,44.0,1.5,146.0
2028538,shangdianzi_meo,2018-04-01 01:00:00,Hail,14.4,977.6,35.0,1.2,167.0
2028539,pinggu_meo,2018-04-01 01:00:00,Hail,14.4,1008.7,49.0,2.1,223.0
2028540,tongzhou_meo,2018-04-01 01:00:00,Hail,14.6,1010.0,60.0,3.0,112.0
2028541,chaoyang_meo,2018-04-01 01:00:00,Hail,15.3,1008.5,61.0,1.1,57.0
2028542,pingchang_meo,2018-04-01 01:00:00,Hail,15.8,1003.4,45.0,0.4,281.0
2028543,zhaitang_meo,2018-04-01 01:00:00,Sunny/clear,14.3,960.8,24.0,0.5,157.0
2028544,mentougou_meo,2018-04-01 01:00:00,Hail,16.0,1002.4,35.0,1.0,240.0
2028545,beijing_meo,2018-04-01 01:00:00,Hail,15.6,1008.6,60.0,1.7,91.0
2028546,shijingshan_meo,2018-04-01 01:00:00,Hail,15.9,1004.8,46.0,1.8,47.0
2028547,fengtai_meo,2018-04-01 01:00:00,Hail,17.4,1005.8,48.0,1.7,101.0
2028548,daxing_meo,2018-04-01 01:00:00,Hail,15.0,1007.8,63.0,2.2,76.0
2028549,fangshan_meo,2018-04-01 01:00:00,Hail,16.7,1006.5,43.0,1.3,91.0
2028550,xiayunling_meo,2018-04-01 01:00:00,Sunny/clear,17.3,964.3,20.0,0.6,70.0
2030066,shunyi_meo,2018-04-01 02:00:00,Hail,17.7,1008.5,53.0,2.5,191.0
2030067,hadian_meo,2018-04-01 02:00:00,Hail,18.9,1006.2,47.0,1.0,131.0
2030068,yanqing_meo,2018-04-01 02:00:00,Sunny/clear,16.4,955.0,27.0,0.7,360.0
2030069,miyun_meo,2018-04-01 02:00:00,Hail,17.5,1003.3,36.0,2.2,294.0
2030070,huairou_meo,2018-04-01 02:00:00,Hail,17.3,1002.9,47.0,3.1,283.0
2030071,shangdianzi_meo,2018-04-01 02:00:00,Hail,18.5,977.1,34.0,2.9,235.0
2030072,pinggu_meo,2018-04-01 02:00:00,Hail,16.8,1008.3,44.0,1.4,248.0
2030073,tongzhou_meo,2018-04-01 02:00:00,Hail,17.1,1010.0,52.0,2.5,86.0
2030074,chaoyang_meo,2018-04-01 02:00:00,Hail,17.3,1008.1,54.0,1.2,138.0
2030075,pingchang_meo,2018-04-01 02:00:00,Hail,17.9,1003.1,50.0,1.3,182.0
2030076,zhaitang_meo,2018-04-01 02:00:00,Sunny/clear,20.3,960.0,15.0,1.9,53.0
2030077,mentougou_meo,2018-04-01 02:00:00,Hail,18.3,1002.0,44.0,1.6,91.0
2030078,beijing_meo,2018-04-01 02:00:00,Hail,17.4,1008.4,53.0,1.9,108.0
2030079,shijingshan_meo,2018-04-01 02:00:00,Hail,18.5,1004.4,39.0,1.5,128.0
2030080,fengtai_meo,2018-04-01 02:00:00,Hail,19.3,1005.4,48.0,1.7,84.0
2030081,daxing_meo,2018-04-01 02:00:00,Hail,17.9,1007.6,54.0,1.8,115.0
2030082,fangshan_meo,2018-04-01 02:00:00,Hail,19.0,1006.3,44.0,1.7,127.0
2030083,xiayunling_meo,2018-04-01 02:00:00,Sunny/clear,20.9,963.7,16.0,1.1,328.0
2031599,shunyi_meo,2018-04-01 03:00:00,Hail,19.4,1007.9,47.0,1.3,191.0
2031600,hadian_meo,2018-04-01 03:00:00,Hail,20.8,1005.6,43.0,1.9,236.0
2031601,yanqing_meo,2018-04-01 03:00:00,Sunny/clear,19.9,954.0,19.0,1.5,326.0
2031602,miyun_meo,2018-04-01 03:00:00,Hail,20.2,1002.3,34.0,1.7,232.0
2031603,huairou_meo,2018-04-01 03:00:00,Hail,20.5,1002.0,36.0,2.2,231.0
2031604,shangdianzi_meo,2018-04-01 03:00:00,Hail,20.8,976.2,33.0,5.2,223.0
2031605,pinggu_meo,2018-04-01 03:00:00,Hail,19.9,1007.4,42.0,1.0,271.0
2031606,tongzhou_meo,2018-04-01 03:00:00,Hail,19.5,1008.9,45.0,3.7,127.0
2031607,chaoyang_meo,2018-04-01 03:00:00,Hail,19.6,1007.3,46.0,1.5,192.0
2031608,pingchang_meo,2018-04-01 03:00:00,Hail,19.6,1002.1,45.0,1.7,113.0
2031609,zhaitang_meo,2018-04-01 03:00:00,Sunny/clear,24.6,958.7,10.0,3.0,70.0
2031610,mentougou_meo,2018-04-01 03:00:00,Hail,20.4,1001.2,37.0,1.9,93.0
2031611,beijing_meo,2018-04-01 03:00:00,Hail,20.0,1007.5,45.0,1.4,168.0
2031612,shijingshan_meo,2018-04-01 03:00:00,Hail,20.7,1003.6,40.0,0.6,36.0
2031613,fengtai_meo,2018-04-01 03:00:00,Hail,21.1,1004.7,40.0,1.2,209.0
2031614,daxing_meo,2018-04-01 03:00:00,Hail,20.5,1006.8,44.0,1.2,171.0
2031615,fangshan_meo,2018-04-01 03:00:00,Hail,21.3,1005.5,35.0,1.8,119.0
2031616,xiayunling_meo,2018-04-01 03:00:00,Sunny/clear,24.3,962.9,11.0,5.5,134.0
2033132,shunyi_meo,2018-04-01 04:00:00,Hail,21.9,1006.8,39.0,1.8,186.0
2033133,hadian_meo,2018-04-01 04:00:00,Hail,23.1,1004.3,34.0,2.3,204.0
2033134,yanqing_meo,2018-04-01 04:00:00,Sunny/clear,23.3,952.4,11.0,2.6,272.0
2033135,miyun_meo,2018-04-01 04:00:00,Hail,22.7,1001.2,35.0,2.6,258.0
2033136,huairou_meo,2018-04-01 04:00:00,Hail,21.5,1001.1,37.0,3.6,248.0
2033137,shangdianzi_meo,2018-04-01 04:00:00,Hail,22.3,975.2,27.0,6.8,234.0
2033138,pinggu_meo,2018-04-01 04:00:00,Hail,21.8,1006.5,39.0,1.4,238.0
2033139,tongzhou_meo,2018-04-01 04:00:00,Hail,22.2,1007.9,39.0,3.7,174.0
2033140,chaoyang_meo,2018-04-01 04:00:00,Hail,21.7,1006.1,39.0,2.3,150.0
2033141,pingchang_meo,2018-04-01 04:00:00,Hail,21.4,1001.0,36.0,2.2,97.0
2033142,zhaitang_meo,2018-04-01 04:00:00,Sunny/clear,26.5,957.4,6.0,4.2,241.0
2033143,mentougou_meo,2018-04-01 04:00:00,Hail,22.5,999.9,32.0,4.1,85.0
2033144,beijing_meo,2018-04-01 04:00:00,Hail,22.1,1006.3,39.0,3.2,229.0
2033145,shijingshan_meo,2018-04-01 04:00:00,Hail,22.5,1002.4,32.0,3.7,169.0
2033146,fengtai_meo,2018-04-01 04:00:00,Hail,23.6,1003.5,35.0,2.4,204.0
2033147,daxing_meo,2018-04-01 04:00:00,Hail,22.6,1005.7,38.0,3.4,189.0
2033148,fangshan_meo,2018-04-01 04:00:00,Hail,22.7,1004.2,32.0,4.1,210.0
2033149,xiayunling_meo,2018-04-01 04:00:00,Sunny/clear,24.7,962.2,14.0,5.0,176.0
2034665,shunyi_meo,2018-04-01 05:00:00,Hail,23.7,1005.2,34.0,3.9,197.0
2034666,hadian_meo,2018-04-01 05:00:00,Hail,24.3,1002.8,32.0,2.3,162.0
2034667,yanqing_meo,2018-04-01 05:00:00,Sunny/clear,24.6,951.3,13.0,3.6,184.0
2034668,miyun_meo,2018-04-01 05:00:00,Hail,23.7,999.9,33.0,2.9,222.0
2034669,huairou_meo,2018-04-01 05:00:00,Hail,22.8,999.8,36.0,3.1,186.0
2034670,shangdianzi_meo,2018-04-01 05:00:00,Hail,22.0,974.1,30.0,8.1,250.0
2034671,pinggu_meo,2018-04-01 05:00:00,Hail,23.1,1005.1,36.0,4.1,219.0
2034672,tongzhou_meo,2018-04-01 05:00:00,Hail,23.6,1006.5,38.0,1.8,194.0
2034673,chaoyang_meo,2018-04-01 05:00:00,Hail,23.6,1004.6,35.0,1.7,198.0
2034674,pingchang_meo,2018-04-01 05:00:00,Hail,22.8,999.6,33.0,2.5,166.0
2034675,zhaitang_meo,2018-04-01 05:00:00,Sunny/clear,27.9,956.1,5.0,4.7,248.0
2034676,mentougou_meo,2018-04-01 05:00:00,Hail,24.2,998.5,28.0,4.0,90.0
2034677,beijing_meo,2018-04-01 05:00:00,Hail,24.3,1005.0,32.0,4.2,228.0
2034678,shijingshan_meo,2018-04-01 05:00:00,Hail,23.8,1000.8,30.0,3.4,164.0
2034679,fengtai_meo,2018-04-01 05:00:00,Hail,25.2,1002.0,32.0,1.8,160.0
2034680,daxing_meo,2018-04-01 05:00:00,Hail,24.3,1004.2,33.0,3.7,187.0
2034681,fangshan_meo,2018-04-01 05:00:00,Hail,24.4,1002.9,26.0,4.1,198.0
2034682,xiayunling_meo,2018-04-01 05:00:00,Sunny/clear,24.8,961.2,13.0,6.8,171.0
2036198,shunyi_meo,2018-04-01 06:00:00,Hail,25.0,1003.9,32.0,3.4,163.0
2036199,hadian_meo,2018-04-01 06:00:00,Hail,26.2,1001.3,29.0,2.4,204.0
2036200,yanqing_meo,2018-04-01 06:00:00,Sunny/clear,25.6,950.1,13.0,3.4,168.0
2036201,miyun_meo,2018-04-01 06:00:00,Hail,24.1,999.1,31.0,3.6,237.0
2036202,huairou_meo,2018-04-01 06:00:00,Hail,23.5,998.7,32.0,2.9,268.0
2036203,shangdianzi_meo,2018-04-01 06:00:00,Hail,23.3,973.3,30.0,6.5,227.0
2036204,pinggu_meo,2018-04-01 06:00:00,Hail,24.6,1003.7,30.0,3.7,215.0
2036205,tongzhou_meo,2018-04-01 06:00:00,Hail,24.7,1004.9,36.0,4.0,169.0
2036206,chaoyang_meo,2018-04-01 06:00:00,Hail,24.7,1003.2,32.0,2.5,187.0
2036207,pingchang_meo,2018-04-01 06:00:00,Hail,24.8,998.3,27.0,2.4,114.0
2036208,zhaitang_meo,2018-04-01 06:00:00,Sunny/clear,28.3,955.2,7.0,2.2,227.0
2036209,mentougou_meo,2018-04-01 06:00:00,Hail,25.4,997.1,27.0,4.5,54.0
2036210,beijing_meo,2018-04-01 06:00:00,Hail,25.9,1003.4,28.0,4.4,195.0
2036211,shijingshan_meo,2018-04-01 06:00:00,Hail,26.0,999.3,26.0,3.7,191.0
2036212,fengtai_meo,2018-04-01 06:00:00,Hail,26.5,1000.6,26.0,3.8,193.0
2036213,daxing_meo,2018-04-01 06:00:00,Hail,26.1,1002.6,26.0,3.6,195.0
2036214,fangshan_meo,2018-04-01 06:00:00,Hail,25.6,1001.5,23.0,3.5,209.0
2036215,xiayunling_meo,2018-04-01 06:00:00,Sunny/clear,24.8,960.3,16.0,4.0,174.0
2037731,shunyi_meo,2018-04-01 07:00:00,Hail,26.0,1002.8,28.0,3.6,214.0
2037732,hadian_meo,2018-04-01 07:00:00,Hail,27.4,1000.3,21.0,3.7,190.0
2037733,yanqing_meo,2018-04-01 07:00:00,Hail,23.6,949.5,21.0,5.0,172.0
2037734,miyun_meo,2018-04-01 07:00:00,Hail,24.6,998.2,30.0,1.1,254.0
2037735,huairou_meo,2018-04-01 07:00:00,Hail,24.9,997.6,30.0,1.3,275.0
2037736,shangdianzi_meo,2018-04-01 07:00:00,Hail,22.6,972.4,32.0,6.8,225.0
2037737,pinggu_meo,2018-04-01 07:00:00,Hail,25.0,1003.3,31.0,2.4,195.0
2037738,tongzhou_meo,2018-04-01 07:00:00,Hail,26.0,1003.9,35.0,2.2,55.0
2037739,chaoyang_meo,2018-04-01 07:00:00,Hail,26.5,1002.2,27.0,2.3,183.0
2037740,pingchang_meo,2018-04-01 07:00:00,Hail,25.4,997.1,27.0,3.3,88.0
2037741,zhaitang_meo,2018-04-01 07:00:00,Sunny/clear,27.1,954.6,10.0,5.9,160.0
2037742,mentougou_meo,2018-04-01 07:00:00,Hail,26.6,996.1,21.0,5.7,275.0
2037743,beijing_meo,2018-04-01 07:00:00,Hail,27.5,1002.5,22.0,3.5,208.0
2037744,shijingshan_meo,2018-04-01 07:00:00,Hail,26.8,998.4,20.0,3.4,189.0
2037745,fengtai_meo,2018-04-01 07:00:00,Hail,27.7,999.8,23.0,2.4,252.0
2037746,daxing_meo,2018-04-01 07:00:00,Hail,27.5,1001.6,21.0,4.4,212.0
2037747,fangshan_meo,2018-04-01 07:00:00,Hail,27.0,1000.4,17.0,5.1,208.0
2037748,xiayunling_meo,2018-04-01 07:00:00,Sunny/clear,24.7,959.5,18.0,2.8,190.0
2039264,shunyi_meo,2018-04-01 08:00:00,Hail,27.4,1001.9,22.0,3.1,209.0
2039265,hadian_meo,2018-04-01 08:00:00,Hail,26.4,999.5,22.0,2.7,201.0
2039266,yanqing_meo,2018-04-01 08:00:00,Hail,22.5,949.1,26.0,2.8,151.0
2039267,miyun_meo,2018-04-01 08:00:00,Hail,24.7,997.4,30.0,2.2,170.0
2039268,huairou_meo,2018-04-01 08:00:00,Hail,24.8,996.7,30.0,0.9,66.0
2039269,shangdianzi_meo,2018-04-01 08:00:00,Hail,21.8,972.3,35.0,6.5,251.0
2039270,pinggu_meo,2018-04-01 08:00:00,Hail,25.1,1002.2,33.0,1.7,157.0
2039271,tongzhou_meo,2018-04-01 08:00:00,Hail,27.8,1003.0,24.0,3.0,198.0
2039272,chaoyang_meo,2018-04-01 08:00:00,Hail,27.2,1001.1,21.0,3.1,207.0
2039273,pingchang_meo,2018-04-01 08:00:00,Hail,25.0,996.2,28.0,2.4,85.0
2039274,zhaitang_meo,2018-04-01 08:00:00,Sunny/clear,26.1,954.1,12.0,3.5,164.0
2039275,mentougou_meo,2018-04-01 08:00:00,Hail,26.1,995.3,19.0,5.0,276.0
2039276,beijing_meo,2018-04-01 08:00:00,Hail,27.8,1001.5,19.0,4.2,233.0
2039277,shijingshan_meo,2018-04-01 08:00:00,Hail,26.4,997.6,17.0,3.8,191.0
2039278,fengtai_meo,2018-04-01 08:00:00,Hail,27.0,998.7,21.0,3.1,205.0
2039279,daxing_meo,2018-04-01 08:00:00,Hail,27.0,1000.7,23.0,4.1,171.0
2039280,fangshan_meo,2018-04-01 08:00:00,Hail,26.7,999.5,15.0,4.5,211.0
2039281,xiayunling_meo,2018-04-01 08:00:00,Sunny/clear,24.2,958.9,19.0,3.1,177.0
2040797,shunyi_meo,2018-04-01 09:00:00,Hail,26.7,1001.8,21.0,2.5,201.0
2040798,hadian_meo,2018-04-01 09:00:00,Sunny/clear,26.0,999.3,21.0,2.6,199.0
2040799,yanqing_meo,2018-04-01 09:00:00,Hail,22.1,949.5,27.0,2.8,90.0
2040800,miyun_meo,2018-04-01 09:00:00,Hail,24.4,997.1,32.0,1.3,149.0
2040801,huairou_meo,2018-04-01 09:00:00,Hail,24.0,996.5,32.0,1.4,53.0
2040802,shangdianzi_meo,2018-04-01 09:00:00,Hail,21.6,971.7,35.0,3.9,245.0
2040803,pinggu_meo,2018-04-01 09:00:00,Hail,24.7,1002.1,37.0,2.1,127.0
2040804,tongzhou_meo,2018-04-01 09:00:00,Hail,26.9,1002.6,27.0,3.6,180.0
2040805,chaoyang_meo,2018-04-01 09:00:00,Hail,26.6,1001.0,21.0,3.6,198.0
2040806,pingchang_meo,2018-04-01 09:00:00,Hail,25.6,996.1,20.0,2.2,161.0
2040807,zhaitang_meo,2018-04-01 09:00:00,Sunny/clear,25.1,954.3,14.0,3.8,173.0
2040808,mentougou_meo,2018-04-01 09:00:00,Sunny/clear,26.1,995.3,19.0,1.9,98.0
2040809,beijing_meo,2018-04-01 09:00:00,Hail,27.1,1001.2,24.0,3.4,208.0
2040810,shijingshan_meo,2018-04-01 09:00:00,Hail,26.1,997.6,19.0,3.1,222.0
2040811,fengtai_meo,2018-04-01 09:00:00,Sunny/clear,26.9,998.8,20.0,1.5,344.0
2040812,daxing_meo,2018-04-01 09:00:00,Hail,27.0,1000.3,24.0,4.0,198.0
2040813,fangshan_meo,2018-04-01 09:00:00,Sunny/clear,26.3,999.3,15.0,3.3,221.0
2040814,xiayunling_meo,2018-04-01 09:00:00,Sunny/clear,23.7,958.8,22.0,3.5,185.0
2042330,shunyi_meo,2018-04-01 10:00:00,Hail,24.6,1001.7,39.0,1.4,126.0
2042331,hadian_meo,2018-04-01 10:00:00,Sunny/clear,24.6,999.2,23.0,1.3,184.0
2042332,yanqing_meo,2018-04-01 10:00:00,Hail,21.0,949.6,29.0,1.6,78.0
2042333,miyun_meo,2018-04-01 10:00:00,Hail,22.8,996.9,38.0,0.9,145.0
2042334,huairou_meo,2018-04-01 10:00:00,Hail,23.0,996.5,35.0,1.1,87.0
2042335,shangdianzi_meo,2018-04-01 10:00:00,Hail,21.2,971.7,37.0,3.5,264.0
2042336,pinggu_meo,2018-04-01 10:00:00,Hail,23.7,1001.8,40.0,1.7,95.0
2042337,tongzhou_meo,2018-04-01 10:00:00,Hail,25.8,1002.8,29.0,2.6,192.0
2042338,chaoyang_meo,2018-04-01 10:00:00,Hail,25.6,1000.9,25.0,1.8,202.0
2042339,pingchang_meo,2018-04-01 10:00:00,Hail,24.9,996.0,21.0,0.8,115.0
2042340,zhaitang_meo,2018-04-01 10:00:00,Sunny/clear,24.0,954.6,16.0,2.8,202.0
2042341,mentougou_meo,2018-04-01 10:00:00,Sunny/clear,24.9,995.1,21.0,2.4,84.0
2042342,beijing_meo,2018-04-01 10:00:00,Hail,25.6,1001.4,25.0,2.2,227.0
2042343,shijingshan_meo,2018-04-01 10:00:00,Hail,25.1,997.3,20.0,2.7,206.0
2042344,fengtai_meo,2018-04-01 10:00:00,Sunny/clear,25.4,998.5,21.0,1.3,206.0
2042345,daxing_meo,2018-04-01 10:00:00,Sunny/clear,25.4,1000.7,23.0,1.6,247.0
2042346,fangshan_meo,2018-04-01 10:00:00,Sunny/clear,24.4,999.4,20.0,3.3,204.0
2042347,xiayunling_meo,2018-04-01 10:00:00,Sunny/clear,23.0,958.9,23.0,2.1,201.0
2043863,shunyi_meo,2018-04-01 11:00:00,Hail,23.0,1002.1,45.0,1.1,150.0
2043864,hadian_meo,2018-04-01 11:00:00,Sunny/clear,23.0,999.7,28.0,1.1,185.0
2043865,yanqing_meo,2018-04-01 11:00:00,Hail,19.8,949.7,29.0,1.8,112.0
2043866,miyun_meo,2018-04-01 11:00:00,Hail,20.1,997.1,49.0,1.3,222.0
2043867,huairou_meo,2018-04-01 11:00:00,Hail,20.3,996.7,44.0,1.6,318.0
2043868,shangdianzi_meo,2018-04-01 11:00:00,Hail,21.1,971.7,42.0,3.6,269.0
2043869,pinggu_meo,2018-04-01 11:00:00,Hail,21.9,1002.2,43.0,2.9,80.0
2043870,tongzhou_meo,2018-04-01 11:00:00,Hail,23.5,1003.2,36.0,1.8,180.0
2043871,chaoyang_meo,2018-04-01 11:00:00,Hail,24.8,1001.4,25.0,2.9,209.0
2043872,pingchang_meo,2018-04-01 11:00:00,Hail,22.9,996.2,26.0,1.6,102.0
2043873,zhaitang_meo,2018-04-01 11:00:00,Hail,22.3,955.1,20.0,3.7,218.0
2043874,mentougou_meo,2018-04-01 11:00:00,Hail,23.2,995.5,26.0,1.1,99.0
2043875,beijing_meo,2018-04-01 11:00:00,Hail,23.8,1001.8,27.0,2.1,226.0
2043876,shijingshan_meo,2018-04-01 11:00:00,Hail,24.1,997.7,25.0,2.0,197.0
2043877,fengtai_meo,2018-04-01 11:00:00,Sunny/clear,23.8,998.9,30.0,0.5,219.0
2043878,daxing_meo,2018-04-01 11:00:00,Hail,23.3,1001.0,33.0,1.2,171.0
2043879,fangshan_meo,2018-04-01 11:00:00,Hail,23.2,999.7,29.0,2.2,210.0
2043880,xiayunling_meo,2018-04-01 11:00:00,Sunny/clear,20.9,959.3,27.0,1.1,169.0
2045396,shunyi_meo,2018-04-01 12:00:00,Hail,20.7,1002.5,51.0,1.0,158.0
2045397,hadian_meo,2018-04-01 12:00:00,Sunny/clear,22.9,1000.0,36.0,1.4,196.0
2045398,yanqing_meo,2018-04-01 12:00:00,Hail,17.4,950.4,38.0,0.4,29.0
2045399,miyun_meo,2018-04-01 12:00:00,Hail,19.2,997.6,55.0,0.8,201.0
2045400,huairou_meo,2018-04-01 12:00:00,Hail,18.6,997.2,50.0,2.8,311.0
2045401,shangdianzi_meo,2018-04-01 12:00:00,Hail,18.2,972.3,48.0,1.4,213.0
2045402,pinggu_meo,2018-04-01 12:00:00,Hail,21.0,1002.5,46.0,3.4,78.0
2045403,tongzhou_meo,2018-04-01 12:00:00,Hail,21.1,1003.5,43.0,2.0,174.0
2045404,chaoyang_meo,2018-04-01 12:00:00,Hail,23.7,1001.6,32.0,1.1,190.0
2045405,pingchang_meo,2018-04-01 12:00:00,Hail,21.8,996.7,37.0,1.4,93.0
2045406,zhaitang_meo,2018-04-01 12:00:00,Hail,21.1,955.7,21.0,2.2,248.0
2045407,mentougou_meo,2018-04-01 12:00:00,Hail,21.8,995.9,34.0,2.2,263.0
2045408,beijing_meo,2018-04-01 12:00:00,Hail,23.1,1001.9,36.0,2.7,194.0
2045409,shijingshan_meo,2018-04-01 12:00:00,Hail,23.2,998.1,32.0,3.3,210.0
2045410,fengtai_meo,2018-04-01 12:00:00,Hail,22.9,999.3,37.0,1.0,218.0
2045411,daxing_meo,2018-04-01 12:00:00,Hail,21.2,1001.3,42.0,1.5,143.0
2045412,fangshan_meo,2018-04-01 12:00:00,Hail,20.6,1000.0,36.0,1.2,208.0
2045413,xiayunling_meo,2018-04-01 12:00:00,Sunny/clear,17.8,959.8,34.0,1.2,217.0
2046929,shunyi_meo,2018-04-01 13:00:00,Hail,19.1,1002.9,58.0,1.1,87.0
2046930,hadian_meo,2018-04-01 13:00:00,Hail,20.3,1000.3,43.0,1.6,190.0
2046931,yanqing_meo,2018-04-01 13:00:00,Hail,15.6,950.5,44.0,0.6,8.0
2046932,miyun_meo,2018-04-01 13:00:00,Hail,16.1,998.2,61.0,0.5,124.0
2046933,huairou_meo,2018-04-01 13:00:00,Hail,17.8,997.6,55.0,1.2,308.0
2046934,shangdianzi_meo,2018-04-01 13:00:00,Hail,19.2,972.7,50.0,3.0,237.0
2046935,pinggu_meo,2018-04-01 13:00:00,Hail,20.5,1003.3,51.0,2.4,96.0
2046936,tongzhou_meo,2018-04-01 13:00:00,Hail,17.6,1004.0,57.0,1.0,101.0
2046937,chaoyang_meo,2018-04-01 13:00:00,Hail,21.1,1002.1,39.0,0.9,148.0
2046938,pingchang_meo,2018-04-01 13:00:00,Hail,19.5,997.1,40.0,0.8,54.0
2046939,zhaitang_meo,2018-04-01 13:00:00,Hail,18.6,955.9,26.0,3.0,233.0
2046940,mentougou_meo,2018-04-01 13:00:00,Hail,20.5,996.2,36.0,1.4,282.0
2046941,beijing_meo,2018-04-01 13:00:00,Hail,21.3,1002.5,42.0,2.1,209.0
2046942,shijingshan_meo,2018-04-01 13:00:00,Hail,22.0,998.5,33.0,1.4,260.0
2046943,fengtai_meo,2018-04-01 13:00:00,Hail,21.1,999.6,43.0,0.9,196.0
2046944,daxing_meo,2018-04-01 13:00:00,Hail,18.4,1001.8,50.0,1.2,160.0
2046945,fangshan_meo,2018-04-01 13:00:00,Hail,20.4,1000.5,35.0,2.0,230.0
2046946,xiayunling_meo,2018-04-01 13:00:00,Sunny/clear,16.8,960.3,35.0,1.0,168.0
2048462,shunyi_meo,2018-04-01 14:00:00,Hail,19.6,1002.9,60.0,1.6,156.0
2048463,hadian_meo,2018-04-01 14:00:00,Hail,17.8,1000.3,52.0,0.2,999017.0
2048464,yanqing_meo,2018-04-01 14:00:00,Hail,15.4,950.4,38.0,1.1,79.0
2048465,miyun_meo,2018-04-01 14:00:00,Hail,14.5,997.9,69.0,0.6,296.0
2048466,huairou_meo,2018-04-01 14:00:00,Hail,17.2,997.6,61.0,2.2,308.0
2048467,shangdianzi_meo,2018-04-01 14:00:00,Hail,18.2,972.5,53.0,2.2,224.0
2048468,pinggu_meo,2018-04-01 14:00:00,Hail,19.8,1003.1,57.0,4.1,83.0
2048469,tongzhou_meo,2018-04-01 14:00:00,Sunny/clear,999999.0,999999.0,999999.0,999999.0,999999.0
2048470,chaoyang_meo,2018-04-01 14:00:00,Hail,19.3,1002.1,45.0,1.2,127.0
2048471,pingchang_meo,2018-04-01 14:00:00,Hail,18.7,997.1,39.0,1.1,98.0
2048472,zhaitang_meo,2018-04-01 14:00:00,Hail,18.7,955.8,25.0,4.2,230.0
2048473,mentougou_meo,2018-04-01 14:00:00,Hail,19.4,996.1,38.0,2.2,278.0
2048474,beijing_meo,2018-04-01 14:00:00,Hail,20.4,1002.4,40.0,2.4,213.0
2048475,shijingshan_meo,2018-04-01 14:00:00,Hail,19.1,998.4,38.0,0.6,214.0
2048476,fengtai_meo,2018-04-01 14:00:00,Hail,19.2,999.5,48.0,1.1,190.0
2048477,daxing_meo,2018-04-01 14:00:00,Hail,17.2,1001.7,53.0,1.3,176.0
2048478,fangshan_meo,2018-04-01 14:00:00,Hail,19.3,1000.2,37.0,2.3,213.0
2048479,xiayunling_meo,2018-04-01 14:00:00,Sunny/clear,16.4,960.1,35.0,2.1,200.0
2049995,shunyi_meo,2018-04-01 15:00:00,Hail,18.4,1002.8,68.0,2.6,144.0
2049996,hadian_meo,2018-04-01 15:00:00,Hail,15.6,1000.2,67.0,0.0,999017.0
2049997,yanqing_meo,2018-04-01 15:00:00,Hail,14.3,950.1,42.0,1.4,95.0
2049998,miyun_meo,2018-04-01 15:00:00,Hail,13.9,997.9,73.0,1.1,261.0
2049999,huairou_meo,2018-04-01 15:00:00,Hail,16.8,997.5,67.0,2.3,315.0
2050000,shangdianzi_meo,2018-04-01 15:00:00,Hail,17.1,972.3,60.0,2.8,247.0
2050001,pinggu_meo,2018-04-01 15:00:00,Hail,18.8,1003.1,64.0,4.4,93.0
2050002,tongzhou_meo,2018-04-01 15:00:00,Hail,16.7,1004.2,75.0,2.2,83.0
2050003,chaoyang_meo,2018-04-01 15:00:00,Hail,20.2,1001.9,41.0,1.6,118.0
2050004,pingchang_meo,2018-04-01 15:00:00,Hail,17.4,997.0,44.0,0.6,90.0
2050005,zhaitang_meo,2018-04-01 15:00:00,Hail,16.6,955.6,28.0,1.2,181.0
2050006,mentougou_meo,2018-04-01 15:00:00,Hail,17.8,995.8,45.0,0.2,999017.0
2050007,beijing_meo,2018-04-01 15:00:00,Hail,19.9,1002.3,37.0,1.4,143.0
2050008,shijingshan_meo,2018-04-01 15:00:00,Hail,17.1,998.2,45.0,0.7,350.0
2050009,fengtai_meo,2018-04-01 15:00:00,Hail,18.9,999.3,46.0,0.9,204.0
2050010,daxing_meo,2018-04-01 15:00:00,Hail,16.1,1001.6,53.0,1.1,127.0
2050011,fangshan_meo,2018-04-01 15:00:00,Hail,18.5,1000.1,37.0,2.2,210.0
2050012,xiayunling_meo,2018-04-01 15:00:00,Sunny/clear,15.9,959.7,35.0,2.4,211.0
2050666,shunyi_meo,2018-04-01 16:00:00,Hail,17.5,1002.7,70.0,3.1,142.0
2050667,hadian_meo,2018-04-01 16:00:00,Hail,14.4,1000.1,70.0,0.6,46.0
2050668,yanqing_meo,2018-04-01 16:00:00,Hail,13.4,950.0,49.0,0.7,58.0
2050669,miyun_meo,2018-04-01 16:00:00,Hail,13.8,997.6,76.0,1.2,306.0
2050670,huairou_meo,2018-04-01 16:00:00,Hail,16.5,997.4,68.0,1.7,311.0
2050671,shangdianzi_meo,2018-04-01 16:00:00,Hail,16.1,972.1,62.0,4.0,250.0
2050672,pinggu_meo,2018-04-01 16:00:00,Hail,18.3,1002.6,66.0,4.8,88.0
2050673,tongzhou_meo,2018-04-01 16:00:00,Hail,15.2,1003.9,79.0,2.1,98.0
2050674,chaoyang_meo,2018-04-01 16:00:00,Hail,19.2,1001.8,49.0,2.3,138.0
2050675,pingchang_meo,2018-04-01 16:00:00,Hail,15.9,997.0,49.0,0.5,70.0
2050676,zhaitang_meo,2018-04-01 16:00:00,Hail,14.6,955.3,32.0,0.8,100.0
2050677,mentougou_meo,2018-04-01 16:00:00,Hail,15.1,995.8,51.0,0.4,41.0
2050678,beijing_meo,2018-04-01 16:00:00,Hail,19.9,1002.1,34.0,1.5,163.0
2050679,shijingshan_meo,2018-04-01 16:00:00,Hail,15.1,998.2,49.0,0.7,313.0
2050680,fengtai_meo,2018-04-01 16:00:00,Hail,17.1,999.3,48.0,0.5,219.0
2050681,daxing_meo,2018-04-01 16:00:00,Hail,16.0,1001.3,48.0,1.1,101.0
2050682,fangshan_meo,2018-04-01 16:00:00,Hail,18.6,999.8,31.0,2.0,199.0
2050683,xiayunling_meo,2018-04-01 16:00:00,Sunny/clear,14.8,959.2,38.0,1.3,214.0
2050685,shunyi_meo,2018-04-01 17:00:00,Hail,16.5,1002.3,71.0,1.2,120.0
2050686,hadian_meo,2018-04-01 17:00:00,Hail,13.5,999.9,71.0,1.0,46.0
2050687,yanqing_meo,2018-04-01 17:00:00,Hail,12.2,949.6,49.0,0.7,64.0
2050688,miyun_meo,2018-04-01 17:00:00,Hail,13.5,997.5,75.0,0.4,69.0
2050689,huairou_meo,2018-04-01 17:00:00,Hail,16.2,997.2,69.0,1.0,0.0
2050690,shangdianzi_meo,2018-04-01 17:00:00,Hail,17.3,971.5,55.0,4.7,249.0
2050691,pinggu_meo,2018-04-01 17:00:00,Hail,17.7,1002.3,66.0,3.5,84.0
2050692,tongzhou_meo,2018-04-01 17:00:00,Hail,14.4,1003.4,81.0,1.8,99.0
2050693,chaoyang_meo,2018-04-01 17:00:00,Hail,18.0,1001.4,57.0,1.6,144.0
2050694,pingchang_meo,2018-04-01 17:00:00,Hail,15.1,996.8,53.0,0.9,305.0
2050695,zhaitang_meo,2018-04-01 17:00:00,Hail,13.8,954.9,33.0,0.7,37.0
2050696,mentougou_meo,2018-04-01 17:00:00,Hail,13.9,995.5,57.0,0.5,225.0
2050697,beijing_meo,2018-04-01 17:00:00,Hail,18.7,1001.6,36.0,1.2,166.0
2050698,shijingshan_meo,2018-04-01 17:00:00,Hail,13.9,997.9,55.0,0.6,312.0
2050699,fengtai_meo,2018-04-01 17:00:00,Hail,15.9,998.8,53.0,0.9,239.0
2050700,daxing_meo,2018-04-01 17:00:00,Hail,14.7,1000.8,49.0,1.4,161.0
2050701,fangshan_meo,2018-04-01 17:00:00,Hail,14.8,999.6,44.0,0.0,999017.0
2050702,xiayunling_meo,2018-04-01 17:00:00,Sunny/clear,12.8,958.9,43.0,1.2,137.0
2052218,shunyi_meo,2018-04-01 18:00:00,Hail,15.8,1002.2,74.0,1.0,77.0
2052219,hadian_meo,2018-04-01 18:00:00,Hail,14.8,999.7,64.0,1.3,44.0
2052220,yanqing_meo,2018-04-01 18:00:00,Hail,11.8,949.3,51.0,1.0,53.0
2052221,miyun_meo,2018-04-01 18:00:00,Hail,12.0,997.2,80.0,1.2,135.0
2052222,huairou_meo,2018-04-01 18:00:00,Hail,14.4,996.8,76.0,2.0,304.0
2052223,shangdianzi_meo,2018-04-01 18:00:00,Hail,17.9,971.1,52.0,5.8,245.0
2052224,pinggu_meo,2018-04-01 18:00:00,Hail,17.1,1002.0,68.0,3.6,80.0
2052225,tongzhou_meo,2018-04-01 18:00:00,Hail,14.1,1003.1,82.0,2.4,97.0
2052226,chaoyang_meo,2018-04-01 18:00:00,Hail,15.8,1001.3,73.0,2.1,29.0
2052227,pingchang_meo,2018-04-01 18:00:00,Hail,14.0,996.6,54.0,0.5,319.0
2052228,zhaitang_meo,2018-04-01 18:00:00,Hail,11.7,954.7,38.0,0.3,223.0
2052229,mentougou_meo,2018-04-01 18:00:00,Hail,13.0,995.3,52.0,1.8,261.0
2052230,beijing_meo,2018-04-01 18:00:00,Hail,17.2,1001.4,45.0,0.2,999017.0
2052231,shijingshan_meo,2018-04-01 18:00:00,Hail,13.6,997.7,57.0,0.3,93.0
2052232,fengtai_meo,2018-04-01 18:00:00,Hail,14.2,998.7,63.0,0.5,270.0
2052233,daxing_meo,2018-04-01 18:00:00,Hail,13.7,1000.6,54.0,0.8,20.0
2052234,fangshan_meo,2018-04-01 18:00:00,Hail,12.4,999.5,59.0,1.7,16.0
2052235,xiayunling_meo,2018-04-01 18:00:00,Sunny/clear,12.4,958.5,43.0,0.9,147.0
2053751,shunyi_meo,2018-04-01 19:00:00,Hail,14.9,1002.0,78.0,0.6,36.0
2053752,hadian_meo,2018-04-01 19:00:00,Hail,15.0,999.6,69.0,1.7,32.0
2053753,yanqing_meo,2018-04-01 19:00:00,Hail,11.7,949.1,53.0,1.1,113.0
2053754,miyun_meo,2018-04-01 19:00:00,Hail,11.2,997.2,86.0,0.4,56.0
2053755,huairou_meo,2018-04-01 19:00:00,Hail,15.4,996.6,71.0,1.0,267.0
2053756,shangdianzi_meo,2018-04-01 19:00:00,Hail,18.3,971.2,49.0,4.2,266.0
2053757,pinggu_meo,2018-04-01 19:00:00,Hail,16.5,1001.6,69.0,3.3,87.0
2053758,tongzhou_meo,2018-04-01 19:00:00,Hail,13.5,1002.7,86.0,2.7,87.0
2053759,chaoyang_meo,2018-04-01 19:00:00,Hail,14.1,1001.1,81.0,1.0,23.0
2053760,pingchang_meo,2018-04-01 19:00:00,Hail,13.6,996.5,56.0,0.5,292.0
2053761,zhaitang_meo,2018-04-01 19:00:00,Hail,10.7,954.7,41.0,0.3,18.0
2053762,mentougou_meo,2018-04-01 19:00:00,Hail,13.8,995.2,51.0,2.4,260.0
2053763,beijing_meo,2018-04-01 19:00:00,Hail,15.1,1001.1,68.0,1.6,51.0
2053764,shijingshan_meo,2018-04-01 19:00:00,Hail,12.7,997.6,61.0,0.3,300.0
2053765,fengtai_meo,2018-04-01 19:00:00,Hail,13.3,998.6,61.0,0.7,261.0
2053766,daxing_meo,2018-04-01 19:00:00,Hail,12.7,1000.3,59.0,0.9,39.0
2053767,fangshan_meo,2018-04-01 19:00:00,Hail,12.5,999.2,59.0,1.2,359.0
2053768,xiayunling_meo,2018-04-01 19:00:00,Sunny/clear,11.2,958.2,46.0,1.1,145.0
2055284,shunyi_meo,2018-04-01 20:00:00,Hail,13.8,1001.6,82.0,0.0,999017.0
2055285,hadian_meo,2018-04-01 20:00:00,Hail,13.5,999.3,77.0,1.0,32.0
2055286,yanqing_meo,2018-04-01 20:00:00,Hail,10.8,948.7,61.0,0.7,104.0
2055287,miyun_meo,2018-04-01 20:00:00,Hail,10.5,996.5,88.0,0.0,999017.0
2055288,huairou_meo,2018-04-01 20:00:00,Hail,13.7,996.1,80.0,1.7,315.0
2055289,shangdianzi_meo,2018-04-01 20:00:00,Hail,15.4,970.8,60.0,1.5,230.0
2055290,pinggu_meo,2018-04-01 20:00:00,Hail,16.2,1001.4,71.0,3.9,105.0
2055291,tongzhou_meo,2018-04-01 20:00:00,Hail,13.3,1002.8,85.0,1.8,70.0
2055292,chaoyang_meo,2018-04-01 20:00:00,Hail,12.8,1000.8,84.0,1.2,107.0
2055293,pingchang_meo,2018-04-01 20:00:00,Hail,12.6,996.0,63.0,0.8,336.0
2055294,zhaitang_meo,2018-04-01 20:00:00,Sunny/clear,9.5,954.1,44.0,0.5,200.0
2055295,mentougou_meo,2018-04-01 20:00:00,Hail,13.1,994.8,60.0,0.6,301.0
2055296,beijing_meo,2018-04-01 20:00:00,Hail,14.4,1001.0,78.0,1.7,48.0
2055297,shijingshan_meo,2018-04-01 20:00:00,Hail,11.5,997.3,70.0,0.8,338.0
2055298,fengtai_meo,2018-04-01 20:00:00,Hail,12.6,998.2,75.0,0.3,353.0
2055299,daxing_meo,2018-04-01 20:00:00,Hail,12.6,1000.1,63.0,1.1,89.0
2055300,fangshan_meo,2018-04-01 20:00:00,Hail,12.3,998.9,56.0,0.8,72.0
2055301,xiayunling_meo,2018-04-01 20:00:00,Sunny/clear,10.6,957.8,47.0,0.2,999017.0
2056817,shunyi_meo,2018-04-01 21:00:00,Hail,14.1,1001.6,83.0,0.6,195.0
2056818,hadian_meo,2018-04-01 21:00:00,Hail,13.1,999.5,82.0,0.9,40.0
2056819,yanqing_meo,2018-04-01 21:00:00,Hail,10.3,948.6,61.0,0.8,56.0
2056820,miyun_meo,2018-04-01 21:00:00,Thundershower,9.8,996.7,90.0,0.2,999017.0
2056821,huairou_meo,2018-04-01 21:00:00,Hail,13.0,996.3,81.0,2.8,304.0
2056822,shangdianzi_meo,2018-04-01 21:00:00,Hail,14.1,970.8,68.0,1.4,255.0
2056823,pinggu_meo,2018-04-01 21:00:00,Hail,15.5,1001.2,73.0,3.5,96.0
2056824,tongzhou_meo,2018-04-01 21:00:00,Hail,12.6,1002.7,87.0,3.3,85.0
2056825,chaoyang_meo,2018-04-01 21:00:00,Cloudy,12.4,1000.9,91.0,0.9,76.0
2056826,pingchang_meo,2018-04-01 21:00:00,Hail,12.0,996.3,70.0,1.3,326.0
2056827,zhaitang_meo,2018-04-01 21:00:00,Sunny/clear,8.5,954.3,47.0,0.0,999017.0
2056828,mentougou_meo,2018-04-01 21:00:00,Hail,12.3,995.0,70.0,1.2,301.0
2056829,beijing_meo,2018-04-01 21:00:00,Hail,13.7,1001.1,83.0,1.8,64.0
2056830,shijingshan_meo,2018-04-01 21:00:00,Hail,10.7,997.4,72.0,0.5,351.0
2056831,fengtai_meo,2018-04-01 21:00:00,Hail,14.3,998.4,81.0,1.0,55.0
2056832,daxing_meo,2018-04-01 21:00:00,Hail,12.8,1000.2,76.0,1.3,50.0
2056833,fangshan_meo,2018-04-01 21:00:00,Hail,10.7,999.0,60.0,1.2,82.0
2056834,xiayunling_meo,2018-04-01 21:00:00,Sunny/clear,9.8,957.7,49.0,0.3,177.0
2058350,shunyi_meo,2018-04-01 22:00:00,Hail,12.7,1002.2,88.0,0.3,27.0
2058351,hadian_meo,2018-04-01 22:00:00,Hail,12.8,999.9,86.0,1.1,42.0
2058352,yanqing_meo,2018-04-01 22:00:00,Hail,9.7,949.1,62.0,0.6,70.0
2058353,miyun_meo,2018-04-01 22:00:00,Thundershower,9.3,996.9,91.0,0.0,999017.0
2058354,huairou_meo,2018-04-01 22:00:00,Hail,12.5,996.5,84.0,1.9,304.0
2058355,shangdianzi_meo,2018-04-01 22:00:00,Hail,13.3,971.0,72.0,0.6,204.0
2058356,pinggu_meo,2018-04-01 22:00:00,Hail,15.1,1001.5,75.0,3.2,96.0
2058357,tongzhou_meo,2018-04-01 22:00:00,Hail,12.0,1002.9,88.0,2.2,85.0
2058358,chaoyang_meo,2018-04-01 22:00:00,Cloudy,12.1,1001.4,91.0,1.3,28.0
2058359,pingchang_meo,2018-04-01 22:00:00,Hail,11.9,996.7,71.0,1.0,14.0
2058360,zhaitang_meo,2018-04-01 22:00:00,Sunny/clear,7.7,954.6,50.0,0.3,281.0
2058361,mentougou_meo,2018-04-01 22:00:00,Hail,11.7,995.4,73.0,1.6,268.0
2058362,beijing_meo,2018-04-01 22:00:00,Hail,13.1,1001.5,85.0,2.6,77.0
2058363,shijingshan_meo,2018-04-01 22:00:00,Hail,10.3,997.8,78.0,0.8,329.0
2058364,fengtai_meo,2018-04-01 22:00:00,Hail,14.8,998.7,77.0,1.2,55.0
2058365,daxing_meo,2018-04-01 22:00:00,Hail,12.4,1000.6,83.0,1.2,49.0
2058366,fangshan_meo,2018-04-01 22:00:00,Hail,11.3,999.4,68.0,1.6,62.0
2058367,xiayunling_meo,2018-04-01 22:00:00,Sunny/clear,9.1,958.0,52.0,1.0,166.0
2059883,shunyi_meo,2018-04-01 23:00:00,Hail,12.6,1002.7,89.0,0.5,281.0
2059884,hadian_meo,2018-04-01 23:00:00,Hail,13.3,1000.3,87.0,1.3,46.0
2059885,yanqing_meo,2018-04-01 23:00:00,Hail,9.6,949.4,64.0,1.1,92.0
2059886,miyun_meo,2018-04-01 23:00:00,Thundershower,9.6,997.5,91.0,0.0,999017.0
2059887,huairou_meo,2018-04-01 23:00:00,Hail,12.5,997.0,85.0,1.0,321.0
2059888,shangdianzi_meo,2018-04-01 23:00:00,Hail,13.0,971.5,77.0,1.4,284.0
2059889,pinggu_meo,2018-04-01 23:00:00,Hail,15.6,1001.9,74.0,3.6,94.0
2059890,tongzhou_meo,2018-04-01 23:00:00,Hail,12.1,1003.3,88.0,1.5,92.0
2059891,chaoyang_meo,2018-04-01 23:00:00,Cloudy,12.9,1001.8,91.0,1.0,59.0
2059892,pingchang_meo,2018-04-01 23:00:00,Hail,12.3,997.1,72.0,1.0,314.0
2059893,zhaitang_meo,2018-04-01 23:00:00,Sunny/clear,7.7,955.1,49.0,0.0,999017.0
2059894,mentougou_meo,2018-04-01 23:00:00,Hail,12.3,995.8,65.0,1.9,248.0
2059895,beijing_meo,2018-04-01 23:00:00,Hail,12.9,1002.0,85.0,2.0,77.0
2059896,shijingshan_meo,2018-04-01 23:00:00,Hail,12.9,998.3,85.0,0.5,159.0
2059897,fengtai_meo,2018-04-01 23:00:00,Hail,15.5,999.2,76.0,1.7,59.0
2059898,daxing_meo,2018-04-01 23:00:00,Hail,12.8,1001.2,88.0,1.4,63.0
2059899,fangshan_meo,2018-04-01 23:00:00,Hail,12.3,1000.0,82.0,1.6,81.0
2059900,xiayunling_meo,2018-04-01 23:00:00,Sunny/clear,9.4,958.3,49.0,0.6,152.0
