apparentTemperature,cloudCover,datetime,dewPoint,humidity,icon,lat,long,ozone,precipIntensity,precipProbability,precipType,pressure,station_id,summary,temperature,time,uvIndex,visibility,windBearing,windGust,windSpeed
11.76,0.0,2018-05-05 16:00:00,5.46,0.65,clear-night,51.522287,-0.12584800000000002,325.07,0.0,0.0,,1024.76,BL0,Clear,11.76,1525561200,0.0,8.85,84,9.06,3.43
11.35,0.0,2018-05-05 17:00:00,5.11,0.65,clear-night,51.522287,-0.12584800000000002,324.51,0.0,0.0,,1024.74,BL0,Clear,11.35,1525564800,0.0,9.17,71,8.46,2.81
10.18,0.0,2018-05-05 18:00:00,5.24,0.71,clear-night,51.522287,-0.12584800000000002,324.14,0.0,0.0,,1024.61,BL0,Clear,10.18,1525568400,0.0,9.03,45,7.75,2.21
8.98,0.0,2018-05-05 19:00:00,5.42,0.76,clear-night,51.522287,-0.12584800000000002,323.77,0.0,0.0,,1024.42,BL0,Clear,9.42,1525572000,0.0,8.79,346,6.96,3.36
8.69,0.0,2018-05-05 20:00:00,5.31,0.76,clear-night,51.522287,-0.12584800000000002,323.4,0.0,0.0,,1024.28,BL0,Clear,9.39,1525575600,0.0,8.58,346,6.6,3.93
9.19,0.0,2018-05-05 21:00:00,5.07,0.72,clear-night,51.522287,-0.12584800000000002,323.01,0.0,0.0,,1024.12,BL0,Clear,9.82,1525579200,0.0,7.87,5,7.08,3.92
10.38,0.0,2018-05-05 22:00:00,4.92,0.69,clear-day,51.522287,-0.12584800000000002,322.56,0.0,0.0,,1024.0,BL0,Clear,10.38,1525582800,0.0,7.11,31,7.98,4.36
11.22,0.0,2018-05-05 23:00:00,5.19,0.66,clear-day,51.522287,-0.12584800000000002,322.17,0.0,0.0,,1023.91,BL0,Clear,11.22,1525586400,1.0,6.38,46,8.65,4.86
13.39,0.0,2018-05-06 00:00:00,6.04,0.61,clear-day,51.522287,-0.12584800000000002,321.78,0.0,0.0,,1023.86,BL0,Clear,13.39,1525590000,1.0,6.69,54,8.89,4.96
16.63,0.0,2018-05-06 01:00:00,7.1,0.53,clear-day,51.522287,-0.12584800000000002,321.43,0.0,0.0,,1023.84,BL0,Clear,16.63,1525593600,2.0,6.95,63,8.88,5.0
19.55,0.0,2018-05-06 02:00:00,7.89,0.47,clear-day,51.522287,-0.12584800000000002,321.31,0.0,0.0,,1023.74,BL0,Clear,19.55,1525597200,3.0,7.21,71,8.6,5.12
21.49,0.0,2018-05-06 03:00:00,8.21,0.43,clear-day,51.522287,-0.12584800000000002,321.57,0.0,0.0,,1023.47,BL0,Clear,21.49,1525600800,5.0,7.91,80,7.88,5.48
22.77,0.0,2018-05-06 04:00:00,8.28,0.4,clear-day,51.522287,-0.12584800000000002,322.05,0.0,0.0,,1023.14,BL0,Clear,22.77,1525604400,6.0,8.62,88,6.88,5.9
23.59,0.0,2018-05-06 05:00:00,8.29,0.38,clear-day,51.522287,-0.12584800000000002,322.52,0.0,0.0,,1022.75,BL0,Clear,23.59,1525608000,6.0,9.32,96,6.08,6.06
24.23,0.0,2018-05-06 06:00:00,8.32,0.36,clear-day,51.522287,-0.12584800000000002,323.1,0.0,0.0,,1022.25,BL0,Clear,24.23,1525611600,6.0,9.32,105,5.79,5.78
24.84,0.0,2018-05-06 07:00:00,8.31,0.35,clear-day,51.522287,-0.12584800000000002,323.69,0.0,0.0,,1021.69,BL0,Clear,24.84,1525615200,4.0,9.32,112,5.29,5.25
25.39,0.0,2018-05-06 08:00:00,8.36,0.34,clear-day,51.522287,-0.12584800000000002,324.22,0.0,0.0,,1021.23,BL0,Clear,25.39,1525618800,3.0,9.32,116,4.94,4.85
25.88,0.0,2018-05-06 09:00:00,8.56,0.33,clear-day,51.522287,-0.12584800000000002,324.44,0.0,0.0,,1020.87,BL0,Clear,25.88,1525622400,2.0,9.32,114,4.93,4.68
27.02,0.0,2018-05-06 10:00:00,8.79,0.32,clear-day,51.522287,-0.12584800000000002,324.61,0.0,0.0,,1020.58,BL0,Clear,27.02,1525626000,1.0,9.32,109,5.59,4.64
25.63,0.0,2018-05-06 11:00:00,8.83,0.35,clear-day,51.522287,-0.12584800000000002,324.72,0.0,0.0,,1020.46,BL0,Clear,25.63,1525629600,0.0,9.32,105,6.16,4.69
23.48,0.0,2018-05-06 12:00:00,8.49,0.38,clear-day,51.522287,-0.12584800000000002,324.78,0.0,0.0,,1020.67,BL0,Clear,23.48,1525633200,0.0,9.32,103,7.19,5.03
20.83,0.0,2018-05-06 13:00:00,7.96,0.44,clear-night,51.522287,-0.12584800000000002,324.8,0.0,0.0,,1021.04,BL0,Clear,20.83,1525636800,0.0,9.32,101,8.43,5.5
18.81,0.0,2018-05-06 14:00:00,7.48,0.48,clear-night,51.522287,-0.12584800000000002,324.71,0.0,0.0,,1021.31,BL0,Clear,18.81,1525640400,0.0,9.32,96,8.74,5.54
17.4,0.0,2018-05-06 15:00:00,7.1,0.51,clear-night,51.522287,-0.12584800000000002,324.52,0.0,0.0,,1021.41,BL0,Clear,17.4,1525644000,0.0,9.32,87,7.29,4.71
16.18,0.0,2018-05-06 16:00:00,6.78,0.54,clear-night,51.522287,-0.12584800000000002,324.36,0.0,0.0,,1021.42,BL0,Clear,16.18,1525647600,0.0,9.32,75,4.92,3.49
15.07,0.0,2018-05-06 17:00:00,6.51,0.57,clear-night,51.522287,-0.12584800000000002,324.11,0.0,0.0,,1021.29,BL0,Clear,15.07,1525651200,0.0,9.32,65,3.31,2.69
14.15,0.0,2018-05-06 18:00:00,6.28,0.59,clear-night,51.522287,-0.12584800000000002,323.65,0.0,0.0,,1021.04,BL0,Clear,14.15,1525654800,0.0,9.32,59,3.25,2.79
13.44,0.0,2018-05-06 19:00:00,6.12,0.61,clear-night,51.522287,-0.12584800000000002,323.14,0.0,0.0,,1020.63,BL0,Clear,13.44,1525658400,0.0,9.32,55,3.93,3.28
13.12,0.0,2018-05-06 20:00:00,6.06,0.62,clear-night,51.522287,-0.12584800000000002,322.74,0.0,0.0,,1020.35,BL0,Clear,13.12,1525662000,0.0,9.32,51,4.64,3.71
12.92,0.0,2018-05-06 21:00:00,6.09,0.63,clear-night,51.522287,-0.12584800000000002,322.63,0.0,0.0,,1020.27,BL0,Clear,12.92,1525665600,0.0,8.27,46,5.11,3.82
12.87,0.0,2018-05-06 22:00:00,6.23,0.64,clear-day,51.522287,-0.12584800000000002,322.54,0.0,0.0,,1020.29,BL0,Clear,12.87,1525669200,0.0,7.21,41,5.61,3.85
13.37,0.0,2018-05-06 23:00:00,6.58,0.63,clear-day,51.522287,-0.12584800000000002,322.65,0.0,0.0,,1020.27,BL0,Clear,13.37,1525672800,1.0,6.16,40,6.12,3.98
15.43,0.0,2018-05-07 00:00:00,7.3,0.58,clear-day,51.522287,-0.12584800000000002,322.74,0.0,0.0,,1020.27,BL0,Clear,15.43,1525676400,1.0,7.21,45,6.77,4.29
18.51,0.0,2018-05-07 01:00:00,8.23,0.51,clear-day,51.522287,-0.12584800000000002,322.94,0.0,0.0,,1020.24,BL0,Clear,18.51,1525680000,2.0,8.27,53,7.46,4.68
21.31,0.0,2018-05-07 02:00:00,9.03,0.45,clear-day,51.522287,-0.12584800000000002,323.13,0.0,0.0,,1020.08,BL0,Clear,21.31,1525683600,3.0,9.32,63,7.92,5.06
23.27,0.0,2018-05-07 03:00:00,9.58,0.42,clear-day,51.522287,-0.12584800000000002,323.38,0.0,0.0,,1019.76,BL0,Clear,23.27,1525687200,5.0,9.32,73,7.93,5.45
24.62,0.0,2018-05-07 04:00:00,10.0,0.4,clear-day,51.522287,-0.12584800000000002,323.57,0.0,0.0,,1019.29,BL0,Clear,24.62,1525690800,6.0,9.32,85,7.7,5.86
25.7,0.0,2018-05-07 05:00:00,10.19,0.38,clear-day,51.522287,-0.12584800000000002,323.76,0.0,0.0,,1018.8,BL0,Clear,25.7,1525694400,6.0,9.32,94,7.48,6.12
26.39,0.0,2018-05-07 06:00:00,10.08,0.36,clear-day,51.522287,-0.12584800000000002,323.85,0.0,0.0,,1018.24,BL0,Clear,26.39,1525698000,6.0,10.0,100,7.22,6.19
26.8,0.0,2018-05-07 07:00:00,9.75,0.34,clear-day,51.522287,-0.12584800000000002,323.98,0.0,0.0,,1017.64,BL0,Clear,26.8,1525701600,4.0,10.0,106,6.98,6.15
26.91,0.0,2018-05-07 08:00:00,9.39,0.33,clear-day,51.522287,-0.12584800000000002,324.03,0.0,0.0,,1017.12,BL0,Clear,26.91,1525705200,3.0,10.0,108,7.05,6.14
26.97,0.0,2018-05-07 09:00:00,9.08,0.32,clear-day,51.522287,-0.12584800000000002,324.04,0.0,0.0,,1016.68,BL0,Clear,26.97,1525708800,2.0,10.0,108,7.77,6.27
26.79,0.0,2018-05-07 10:00:00,8.72,0.32,clear-day,51.522287,-0.12584800000000002,324.08,0.0,0.0,,1016.3,BL0,Clear,26.79,1525712400,1.0,10.0,104,8.84,6.42
25.88,0.0,2018-05-07 11:00:00,8.37,0.33,clear-day,51.522287,-0.12584800000000002,323.99,0.0,0.0,,1016.06,BL0,Clear,25.88,1525716000,0.0,10.0,103,9.6,6.52
24.03,0.0,2018-05-07 12:00:00,8.0,0.36,clear-day,51.522287,-0.12584800000000002,323.77,0.0,0.0,,1016.09,BL0,Clear,24.03,1525719600,0.0,10.0,104,9.89,6.57
21.69,0.0,2018-05-07 13:00:00,7.63,0.4,clear-night,51.522287,-0.12584800000000002,323.4,0.0,0.0,,1016.3,BL0,Clear,21.69,1525723200,0.0,10.0,105,9.9,6.56
19.65,0.0,2018-05-07 14:00:00,7.44,0.45,clear-night,51.522287,-0.12584800000000002,323.33,0.0,0.0,,1016.31,BL0,Clear,19.65,1525726800,0.0,9.32,106,9.59,6.25
18.12,0.0,2018-05-07 15:00:00,7.55,0.5,clear-night,51.522287,-0.12584800000000002,323.72,0.0,0.0,,1016.02,BL0,Clear,18.12,1525730400,0.0,9.32,105,8.83,5.42
16.76,0.0,2018-05-07 16:00:00,7.82,0.56,clear-night,51.522287,-0.12584800000000002,324.27,0.0,0.0,,1015.55,BL0,Clear,16.76,1525734000,0.0,9.32,103,7.77,4.31
15.51,0.0,2018-05-07 17:00:00,8.04,0.61,clear-night,51.522287,-0.12584800000000002,324.68,0.0,0.0,,1015.0,BL0,Clear,15.51,1525737600,0.0,9.32,100,6.77,3.46
14.48,0.0,2018-05-07 18:00:00,8.16,0.66,clear-night,51.522287,-0.12584800000000002,324.6,0.0,0.0,,1014.33,BL0,Clear,14.48,1525741200,0.0,9.32,97,5.98,3.07
13.67,0.0,2018-05-07 19:00:00,8.27,0.7,clear-night,51.522287,-0.12584800000000002,324.35,0.0,0.0,,1013.6,BL0,Clear,13.67,1525744800,0.0,9.32,93,5.27,2.9
13.28,0.0,2018-05-07 20:00:00,8.39,0.72,clear-night,51.522287,-0.12584800000000002,324.23,0.0,0.0,,1012.95,BL0,Clear,13.28,1525748400,0.0,9.32,92,4.6,2.76
13.09,0.0,2018-05-07 21:00:00,8.48,0.74,clear-night,51.522287,-0.12584800000000002,324.39,0.0,0.0,,1012.55,BL0,Clear,13.09,1525752000,0.0,9.32,94,3.86,2.52
13.14,0.0,2018-05-07 22:00:00,8.59,0.74,clear-day,51.522287,-0.12584800000000002,324.71,0.0,0.0,,1012.26,BL0,Clear,13.14,1525755600,0.0,9.32,99,3.2,2.31
13.74,0.0,2018-05-07 23:00:00,8.8,0.72,clear-day,51.522287,-0.12584800000000002,325.32,0.0,0.0,,1011.97,BL0,Clear,13.74,1525759200,1.0,9.32,110,2.85,2.25
15.83,0.0,2018-05-08 00:00:00,9.25,0.65,clear-day,51.522287,-0.12584800000000002,326.34,0.0,0.0,,1011.63,BL0,Clear,15.83,1525762800,1.0,10.0,130,2.93,2.39
18.91,0.0,2018-05-08 01:00:00,9.82,0.56,clear-day,51.522287,-0.12584800000000002,327.65,0.0,0.0,,1011.29,BL0,Clear,18.91,1525766400,2.0,10.0,157,3.28,2.73
21.71,0.0,2018-05-08 02:00:00,10.19,0.48,clear-day,51.522287,-0.12584800000000002,328.97,0.0,0.0,,1010.9,BL0,Clear,21.71,1525770000,3.0,10.0,179,4.1,3.22
23.62,0.0,2018-05-08 03:00:00,10.21,0.43,clear-day,51.522287,-0.12584800000000002,330.47,0.0,0.0,,1010.44,BL0,Clear,23.62,1525773600,5.0,10.0,190,5.63,3.93
24.77,0.0,2018-05-08 04:00:00,10.03,0.39,clear-day,51.522287,-0.12584800000000002,332.03,0.0,0.0,,1009.94,BL0,Clear,24.77,1525777200,6.0,10.0,196,7.61,4.83
25.58,0.0,2018-05-08 05:00:00,9.88,0.37,clear-day,51.522287,-0.12584800000000002,333.24,0.0,0.0,,1009.46,BL0,Clear,25.58,1525780800,6.0,10.0,203,9.23,5.83
26.02,0.01,2018-05-08 06:00:00,9.84,0.36,clear-day,51.522287,-0.12584800000000002,333.86,0.0,0.0,,1008.99,BL0,Clear,26.02,1525784400,6.0,10.0,225,10.07,6.9
26.31,0.03,2018-05-08 07:00:00,9.83,0.36,clear-day,51.522287,-0.12584800000000002,333.99,0.0,0.0,,1008.55,BL0,Clear,26.31,1525788000,4.0,10.0,247,10.56,8.02
26.28,0.05,2018-05-08 08:00:00,9.84,0.36,clear-day,51.522287,-0.12584800000000002,333.97,0.0,0.0,,1008.22,BL0,Clear,26.28,1525791600,3.0,10.0,241,11.12,9.01
26.13,0.04,2018-05-08 09:00:00,9.97,0.36,clear-day,51.522287,-0.12584800000000002,333.92,0.0,0.0,,1007.99,BL0,Clear,26.13,1525795200,2.0,10.0,176,11.78,8.18
25.51,0.05,2018-05-08 10:00:00,10.16,0.38,clear-day,51.522287,-0.12584800000000002,333.67,0.0,0.0,,1007.86,BL0,Clear,25.51,1525798800,1.0,10.0,354,12.51,8.36
24.57,0.06,2018-05-08 11:00:00,10.17,0.4,clear-day,51.522287,-0.12584800000000002,332.77,0.0,0.0,,1007.93,BL0,Clear,24.57,1525802400,0.0,10.0,279,13.56,9.53
23.05,0.16,2018-05-08 12:00:00,9.82,0.43,clear-day,51.522287,-0.12584800000000002,329.18,0.0,0.0,,1008.35,BL0,Clear,23.05,1525806000,0.0,10.0,246,15.33,8.54
21.62,0.3,2018-05-08 13:00:00,9.27,0.45,partly-cloudy-night,51.522287,-0.12584800000000002,325.0,0.0,0.0,,1008.97,BL0,Partly Cloudy,21.62,1525809600,0.0,10.0,310,17.42,8.2
20.32,0.38,2018-05-08 14:00:00,8.81,0.48,partly-cloudy-night,51.522287,-0.12584800000000002,325.77,0.0,0.0,,1009.4,BL0,Partly Cloudy,20.32,1525813200,0.0,10.0,301,19.09,9.75
19.18,0.36,2018-05-08 15:00:00,8.58,0.5,partly-cloudy-night,51.522287,-0.12584800000000002,336.89,0.0,0.0,,1009.45,BL0,Partly Cloudy,19.18,1525816800,0.0,10.0,302,20.08,9.49
17.99,0.28,2018-05-08 16:00:00,8.38,0.53,partly-cloudy-night,51.522287,-0.12584800000000002,353.02,0.0,0.0,,1009.31,BL0,Partly Cloudy,17.99,1525820400,0.0,10.0,313,20.63,9.19
16.67,0.2,2018-05-08 17:00:00,8.07,0.57,clear-night,51.522287,-0.12584800000000002,364.09,0.0,0.0,,1009.14,BL0,Clear,16.67,1525824000,0.0,10.0,323,20.72,8.75
15.32,0.13,2018-05-08 18:00:00,7.61,0.6,clear-night,51.522287,-0.12584800000000002,365.82,0.0,0.0,,1008.97,BL0,Clear,15.32,1525827600,0.0,10.0,324,20.38,8.05
13.97,0.05,2018-05-08 19:00:00,7.09,0.63,clear-night,51.522287,-0.12584800000000002,362.57,0.0,0.0,,1008.77,BL0,Clear,13.97,1525831200,0.0,10.0,324,19.59,7.21
13.13,0.0,2018-05-08 20:00:00,6.68,0.65,clear-night,51.522287,-0.12584800000000002,357.11,0.0,0.0,,1008.56,BL0,Clear,13.13,1525834800,0.0,10.0,327,18.22,6.38
12.66,0.0,2018-05-08 21:00:00,6.46,0.66,clear-night,51.522287,-0.12584800000000002,349.25,0.0,0.0,,1008.39,BL0,Clear,12.66,1525838400,0.0,10.0,334,15.82,5.6
12.55,0.0,2018-05-08 22:00:00,6.33,0.66,clear-day,51.522287,-0.12584800000000002,339.25,0.0,0.0,,1008.2,BL0,Clear,12.55,1525842000,0.0,10.0,345,12.84,4.85
12.88,0.0,2018-05-08 23:00:00,6.28,0.64,clear-day,51.522287,-0.12584800000000002,331.18,0.0,0.0,,1007.98,BL0,Clear,12.88,1525845600,1.0,10.0,359,10.51,4.48
14.58,0.03,2018-05-09 00:00:00,6.42,0.58,clear-day,51.522287,-0.12584800000000002,326.81,0.0,0.0,,1007.74,BL0,Clear,14.58,1525849200,1.0,10.0,6,9.39,4.6
17.1,0.06,2018-05-09 01:00:00,6.66,0.5,clear-day,51.522287,-0.12584800000000002,324.38,0.0,0.0,,1007.44,BL0,Clear,17.1,1525852800,2.0,10.0,217,8.92,5.06
19.33,0.12,2018-05-09 02:00:00,6.68,0.44,clear-day,51.522287,-0.12584800000000002,322.48,0.0,0.0,,1007.12,BL0,Clear,19.33,1525856400,3.0,10.0,246,8.68,5.69
20.51,0.23,2018-05-09 03:00:00,6.22,0.39,clear-day,51.522287,-0.12584800000000002,320.87,0.0,0.0,,1006.79,BL0,Clear,20.51,1525860000,4.0,10.0,304,8.39,5.51
21.06,0.36,2018-05-09 04:00:00,5.51,0.36,partly-cloudy-day,51.522287,-0.12584800000000002,319.89,0.0,0.0,,1006.44,BL0,Partly Cloudy,21.06,1525863600,5.0,10.0,188,8.31,7.58
21.19,0.5,2018-05-09 05:00:00,5.07,0.35,partly-cloudy-day,51.522287,-0.12584800000000002,319.32,0.0,0.0,,1006.1,BL0,Partly Cloudy,21.19,1525867200,5.0,10.0,237,8.87,8.65
22.15,0.66,2018-05-09 06:00:00,5.25,0.33,partly-cloudy-day,51.522287,-0.12584800000000002,319.26,0.0,0.0,,1005.77,BL0,Mostly Cloudy,22.15,1525870800,4.0,10.0,248,10.34,10.03
21.74,0.83,2018-05-09 07:00:00,5.7,0.35,partly-cloudy-day,51.522287,-0.12584800000000002,319.68,0.0,0.0,,1005.44,BL0,Mostly Cloudy,21.74,1525874400,3.0,10.0,239,12.38,11.55
21.23,0.95,2018-05-09 08:00:00,5.81,0.37,cloudy,51.522287,-0.12584800000000002,320.2,0.0,0.0,,1005.21,BL0,Overcast,21.23,1525878000,2.0,10.0,233,14.13,12.51
20.64,0.98,2018-05-09 09:00:00,5.12,0.36,cloudy,51.522287,-0.12584800000000002,320.4,0.0,0.0,,1005.07,BL0,Overcast,20.64,1525881600,1.0,10.0,236,15.13,12.58
20.12,0.98,2018-05-09 10:00:00,4.09,0.35,cloudy,51.522287,-0.12584800000000002,320.69,0.0,0.0,,1005.02,BL0,Overcast,20.12,1525885200,1.0,10.0,242,15.81,12.09
19.22,0.98,2018-05-09 11:00:00,3.52,0.35,cloudy,51.522287,-0.12584800000000002,321.92,0.0,0.0,,1005.11,BL0,Overcast,19.22,1525888800,0.0,10.0,248,16.55,11.58
17.84,0.99,2018-05-09 12:00:00,3.86,0.39,cloudy,51.522287,-0.12584800000000002,324.26,0.0,0.0,,1005.42,BL0,Overcast,17.84,1525892400,0.0,10.0,254,17.58,11.07
16.39,1.0,2018-05-09 13:00:00,4.63,0.46,cloudy,51.522287,-0.12584800000000002,327.62,0.0127,0.03,rain,1005.86,BL0,Overcast,16.39,1525896000,0.0,10.0,258,18.66,10.49
15.24,1.0,2018-05-09 14:00:00,5.22,0.51,cloudy,51.522287,-0.12584800000000002,332.89,0.0229,0.04,rain,1006.3,BL0,Overcast,15.24,1525899600,0.0,10.0,245,19.51,10.17
14.52,1.0,2018-05-09 15:00:00,5.35,0.54,cloudy,51.522287,-0.12584800000000002,342.42,0.0203,0.05,rain,1006.67,BL0,Overcast,14.52,1525903200,0.0,10.0,186,19.88,9.69
11.18,0.0,2018-05-05 16:00:00,5.24,0.67,clear-night,51.46598327,0.184877127,324.24,0.0,0.0,,1024.73,BX1,Clear,11.18,1525561200,0.0,6.69,67,8.01,3.18
11.62,0.0,2018-05-05 17:00:00,5.02,0.64,clear-night,51.46598327,0.184877127,323.66,0.0,0.0,,1024.68,BX1,Clear,11.62,1525564800,0.0,5.72,62,7.37,3.48
9.99,0.0,2018-05-05 18:00:00,5.16,0.72,clear-night,51.46598327,0.184877127,323.27,0.0,0.0,,1024.53,BX1,Clear,9.99,1525568400,0.0,5.55,21,7.07,1.95
8.97,0.0,2018-05-05 19:00:00,5.36,0.76,clear-night,51.46598327,0.184877127,323.06,0.0,0.0,,1024.31,BX1,Clear,9.32,1525572000,0.0,5.42,338,6.95,3.16
8.74,0.0,2018-05-05 20:00:00,5.4,0.76,clear-night,51.46598327,0.184877127,322.86,0.0,0.0,,1024.14,BX1,Clear,9.36,1525575600,0.0,5.31,342,7.01,3.73
8.84,0.0,2018-05-05 21:00:00,5.55,0.76,clear-night,51.46598327,0.184877127,322.67,0.0,0.0,,1024.03,BX1,Clear,9.53,1525579200,0.0,5.74,4,7.36,3.98
8.81,0.0,2018-05-05 22:00:00,5.79,0.76,clear-day,51.46598327,0.184877127,322.54,0.0,0.0,,1023.9,BX1,Clear,9.74,1525582800,0.0,6.2,29,7.9,4.7
10.37,0.0,2018-05-05 23:00:00,6.21,0.75,clear-day,51.46598327,0.184877127,322.35,0.0,0.0,,1023.85,BX1,Clear,10.37,1525586400,1.0,6.69,43,8.37,5.32
12.57,0.0,2018-05-06 00:00:00,6.92,0.68,clear-day,51.46598327,0.184877127,322.08,0.0,0.0,,1023.81,BX1,Clear,12.57,1525590000,1.0,7.62,51,8.77,5.53
15.86,0.0,2018-05-06 01:00:00,7.77,0.59,clear-day,51.46598327,0.184877127,321.8,0.0,0.0,,1023.8,BX1,Clear,15.86,1525593600,2.0,8.47,58,9.11,5.75
18.83,0.0,2018-05-06 02:00:00,8.41,0.51,clear-day,51.46598327,0.184877127,321.71,0.0,0.0,,1023.71,BX1,Clear,18.83,1525597200,3.0,9.32,67,9.12,6.01
20.77,0.0,2018-05-06 03:00:00,8.73,0.46,clear-day,51.46598327,0.184877127,321.84,0.0,0.0,,1023.5,BX1,Clear,20.77,1525600800,5.0,10.0,75,8.58,6.45
21.99,0.0,2018-05-06 04:00:00,8.86,0.43,clear-day,51.46598327,0.184877127,322.16,0.0,0.0,,1023.2,BX1,Clear,21.99,1525604400,6.0,10.0,82,7.71,6.95
22.72,0.0,2018-05-06 05:00:00,8.94,0.41,clear-day,51.46598327,0.184877127,322.55,0.0,0.0,,1022.84,BX1,Clear,22.72,1525608000,6.0,10.0,88,7.21,7.19
23.24,0.0,2018-05-06 06:00:00,8.98,0.4,clear-day,51.46598327,0.184877127,323.07,0.0,0.0,,1022.35,BX1,Clear,23.24,1525611600,6.0,10.0,94,7.02,7.0
23.7,0.0,2018-05-06 07:00:00,8.96,0.39,clear-day,51.46598327,0.184877127,323.61,0.0,0.0,,1021.79,BX1,Clear,23.7,1525615200,4.0,10.0,98,6.62,6.6
24.13,0.0,2018-05-06 08:00:00,8.91,0.38,clear-day,51.46598327,0.184877127,324.11,0.0,0.0,,1021.32,BX1,Clear,24.13,1525618800,3.0,10.0,100,6.26,6.24
24.41,0.0,2018-05-06 09:00:00,8.89,0.37,clear-day,51.46598327,0.184877127,324.37,0.0,0.0,,1020.95,BX1,Clear,24.41,1525622400,2.0,10.0,98,6.76,6.07
24.82,0.0,2018-05-06 10:00:00,8.84,0.36,clear-day,51.46598327,0.184877127,324.45,0.0,0.0,,1020.69,BX1,Clear,24.82,1525626000,1.0,9.67,93,7.85,5.97
23.42,0.0,2018-05-06 11:00:00,8.65,0.39,clear-day,51.46598327,0.184877127,324.53,0.0,0.0,,1020.57,BX1,Clear,23.42,1525629600,0.0,9.32,89,8.55,5.81
20.92,0.0,2018-05-06 12:00:00,8.19,0.44,clear-day,51.46598327,0.184877127,324.51,0.0,0.0,,1020.75,BX1,Clear,20.92,1525633200,0.0,9.32,87,8.49,5.67
18.09,0.0,2018-05-06 13:00:00,7.58,0.5,clear-night,51.46598327,0.184877127,324.49,0.0,0.0,,1021.09,BX1,Clear,18.09,1525636800,0.0,9.32,87,8.03,5.5
15.97,0.0,2018-05-06 14:00:00,7.09,0.56,clear-night,51.46598327,0.184877127,324.37,0.0,0.0,,1021.34,BX1,Clear,15.97,1525640400,0.0,9.32,84,7.28,5.15
14.71,0.0,2018-05-06 15:00:00,6.85,0.59,clear-night,51.46598327,0.184877127,324.23,0.0,0.0,,1021.43,BX1,Clear,14.71,1525644000,0.0,8.36,73,6.01,4.39
13.84,0.0,2018-05-06 16:00:00,6.75,0.62,clear-night,51.46598327,0.184877127,324.13,0.0,0.0,,1021.41,BX1,Clear,13.84,1525647600,0.0,7.41,58,4.47,3.45
13.04,0.0,2018-05-06 17:00:00,6.67,0.65,clear-night,51.46598327,0.184877127,323.82,0.0,0.0,,1021.29,BX1,Clear,13.04,1525651200,0.0,6.45,46,3.49,2.89
12.39,0.0,2018-05-06 18:00:00,6.56,0.68,clear-night,51.46598327,0.184877127,323.41,0.0,0.0,,1021.0,BX1,Clear,12.39,1525654800,0.0,5.75,42,3.54,3.02
11.89,0.0,2018-05-06 19:00:00,6.49,0.69,clear-night,51.46598327,0.184877127,322.88,0.0,0.0,,1020.62,BX1,Clear,11.89,1525658400,0.0,5.05,39,4.17,3.52
11.74,0.0,2018-05-06 20:00:00,6.53,0.7,clear-night,51.46598327,0.184877127,322.54,0.0,0.0,,1020.34,BX1,Clear,11.74,1525662000,0.0,4.35,39,4.79,3.93
11.58,0.0,2018-05-06 21:00:00,6.68,0.72,clear-night,51.46598327,0.184877127,322.44,0.0,0.0,,1020.23,BX1,Clear,11.58,1525665600,0.0,4.35,39,5.26,4.1
11.45,0.0,2018-05-06 22:00:00,6.93,0.74,clear-day,51.46598327,0.184877127,322.43,0.0,0.0,,1020.23,BX1,Clear,11.45,1525669200,0.0,4.35,38,5.77,4.18
11.97,0.0,2018-05-06 23:00:00,7.36,0.73,clear-day,51.46598327,0.184877127,322.54,0.0,0.0,,1020.23,BX1,Clear,11.97,1525672800,1.0,4.35,41,6.29,4.34
14.23,0.0,2018-05-07 00:00:00,8.13,0.67,clear-day,51.46598327,0.184877127,322.73,0.0,0.0,,1020.23,BX1,Clear,14.23,1525676400,1.0,6.01,45,6.97,4.67
17.57,0.0,2018-05-07 01:00:00,9.05,0.57,clear-day,51.46598327,0.184877127,322.97,0.0,0.0,,1020.24,BX1,Clear,17.57,1525680000,2.0,7.66,53,7.7,5.05
20.57,0.0,2018-05-07 02:00:00,9.81,0.5,clear-day,51.46598327,0.184877127,323.26,0.0,0.0,,1020.13,BX1,Clear,20.57,1525683600,3.0,9.32,61,8.22,5.45
22.69,0.0,2018-05-07 03:00:00,10.3,0.45,clear-day,51.46598327,0.184877127,323.59,0.0,0.0,,1019.82,BX1,Clear,22.69,1525687200,5.0,9.87,72,8.39,5.9
24.14,0.0,2018-05-07 04:00:00,10.62,0.43,clear-day,51.46598327,0.184877127,323.99,0.0,0.0,,1019.35,BX1,Clear,24.14,1525690800,6.0,10.0,84,8.37,6.4
25.42,0.0,2018-05-07 05:00:00,10.73,0.4,clear-day,51.46598327,0.184877127,324.22,0.0,0.0,,1018.88,BX1,Clear,25.42,1525694400,6.0,10.0,93,8.38,6.8
26.29,0.0,2018-05-07 06:00:00,10.54,0.37,clear-day,51.46598327,0.184877127,324.26,0.0,0.0,,1018.34,BX1,Clear,26.29,1525698000,6.0,10.0,98,8.43,7.01
26.88,0.0,2018-05-07 07:00:00,10.13,0.35,clear-day,51.46598327,0.184877127,324.29,0.0,0.0,,1017.78,BX1,Clear,26.88,1525701600,4.0,10.0,101,8.5,7.15
26.96,0.0,2018-05-07 08:00:00,9.68,0.34,clear-day,51.46598327,0.184877127,324.15,0.0,0.0,,1017.27,BX1,Clear,26.96,1525705200,3.0,10.0,102,8.7,7.23
26.79,0.0,2018-05-07 09:00:00,9.2,0.33,clear-day,51.46598327,0.184877127,323.89,0.0,0.0,,1016.84,BX1,Clear,26.79,1525708800,2.0,10.0,101,9.21,7.33
26.08,0.0,2018-05-07 10:00:00,8.67,0.33,clear-day,51.46598327,0.184877127,323.57,0.0,0.0,,1016.48,BX1,Clear,26.08,1525712400,1.0,10.0,97,9.83,7.39
24.78,0.0,2018-05-07 11:00:00,8.27,0.35,clear-day,51.46598327,0.184877127,323.38,0.0,0.0,,1016.24,BX1,Clear,24.78,1525716000,0.0,10.0,94,10.16,7.28
22.14,0.0,2018-05-07 12:00:00,8.04,0.4,clear-day,51.46598327,0.184877127,323.38,0.0,0.0,,1016.27,BX1,Clear,22.14,1525719600,0.0,10.0,93,9.95,7.0
19.09,0.0,2018-05-07 13:00:00,7.93,0.48,clear-night,51.46598327,0.184877127,323.44,0.0,0.0,,1016.43,BX1,Clear,19.09,1525723200,0.0,10.0,93,9.45,6.57
16.72,0.0,2018-05-07 14:00:00,7.91,0.56,clear-night,51.46598327,0.184877127,323.63,0.0,0.0,,1016.43,BX1,Clear,16.72,1525726800,0.0,9.32,92,8.83,6.0
15.36,0.0,2018-05-07 15:00:00,8.04,0.62,clear-night,51.46598327,0.184877127,324.1,0.0,0.0,,1016.11,BX1,Clear,15.36,1525730400,0.0,9.32,90,8.02,5.18
1.59,,2018-03-30 16:00:00,3.18,0.91,clear-night,51.522287,-0.12584800000000002,,,,rain,992.03,BL0,Clear,4.57,1522450800,,6.53,194,,8.0
1.66,,2018-03-30 17:00:00,2.89,0.89,clear-night,51.522287,-0.12584800000000002,,,,rain,992.11,BL0,Clear,4.52,1522454400,,7.1,189,,7.56
1.49,,2018-03-30 18:00:00,2.39,0.87,clear-night,51.522287,-0.12584800000000002,,,,rain,992.38,BL0,Clear,4.43,1522458000,,7.19,199,,7.75
1.18,,2018-03-30 19:00:00,2.4,0.89,clear-night,51.522287,-0.12584800000000002,,,,rain,992.63,BL0,Clear,4.1,1522461600,,7.17,197,,7.45
1.23,,2018-03-30 20:00:00,2.29,0.88,clear-night,51.522287,-0.12584800000000002,,,,rain,992.65,BL0,Clear,4.12,1522465200,,7.12,204,,7.37
1.27,,2018-03-30 21:00:00,2.63,0.9,clear-night,51.522287,-0.12584800000000002,,,,rain,992.92,BL0,Clear,4.16,1522468800,,7.19,201,,7.37
1.56,,2018-03-30 22:00:00,2.67,0.9,clear-night,51.522287,-0.12584800000000002,,,,rain,993.29,BL0,Clear,4.21,1522472400,,7.02,195,,6.7
1.53,1.0,2018-03-30 23:00:00,2.43,0.88,cloudy,51.522287,-0.12584800000000002,,,,rain,993.75,BL0,Overcast,4.21,1522476000,,6.91,190,,6.79
1.92,1.0,2018-03-31 00:00:00,2.86,0.88,cloudy,51.522287,-0.12584800000000002,,,,rain,994.31,BL0,Overcast,4.67,1522479600,,6.72,191,,7.3
2.55,1.0,2018-03-31 01:00:00,2.73,0.83,cloudy,51.522287,-0.12584800000000002,,,,rain,994.82,BL0,Overcast,5.38,1522483200,,6.74,202,,8.1
3.27,1.0,2018-03-31 02:00:00,2.92,0.82,cloudy,51.522287,-0.12584800000000002,,,,rain,995.37,BL0,Overcast,5.73,1522486800,,6.25,212,,7.07
4.06,1.0,2018-03-31 03:00:00,3.45,0.84,cloudy,51.522287,-0.12584800000000002,,,,rain,996.06,BL0,Overcast,5.97,1522490400,,5.9,219,,5.58
4.14,1.0,2018-03-31 04:00:00,3.62,0.85,cloudy,51.522287,-0.12584800000000002,,,,rain,996.8,BL0,Overcast,5.91,1522494000,,7.05,242,,5.13
4.24,1.0,2018-03-31 05:00:00,4.26,0.89,cloudy,51.522287,-0.12584800000000002,,,,rain,997.28,BL0,Overcast,5.89,1522497600,,7.21,250,,4.87
5.17,1.0,2018-03-31 06:00:00,4.53,0.85,cloudy,51.522287,-0.12584800000000002,,,,rain,997.73,BL0,Overcast,6.91,1522501200,,7.42,272,,5.57
5.84,0.75,2018-03-31 07:00:00,4.17,0.81,partly-cloudy-day,51.522287,-0.12584800000000002,,,,rain,998.07,BL0,Mostly Cloudy,7.2,1522504800,,6.88,297,,4.71
6.14,0.75,2018-03-31 08:00:00,4.06,0.77,partly-cloudy-day,51.522287,-0.12584800000000002,,,,rain,998.7,BL0,Mostly Cloudy,7.91,1522508400,,7.57,312,,6.19
6.16,0.75,2018-03-31 09:00:00,3.79,0.72,partly-cloudy-day,51.522287,-0.12584800000000002,,,,rain,999.33,BL0,Mostly Cloudy,8.48,1522512000,,7.57,300,,8.82
5.62,0.75,2018-03-31 10:00:00,3.76,0.74,partly-cloudy-day,51.522287,-0.12584800000000002,,,,rain,1000.0,BL0,Mostly Cloudy,8.07,1522515600,,7.33,304,,9.04
4.02,0.75,2018-03-31 11:00:00,4.21,0.83,partly-cloudy-day,51.522287,-0.12584800000000002,,,,rain,1000.95,BL0,Mostly Cloudy,6.94,1522519200,,7.2,310,,9.94
3.78,0.75,2018-03-31 12:00:00,4.26,0.84,partly-cloudy-night,51.522287,-0.12584800000000002,,,,rain,1001.93,BL0,Mostly Cloudy,6.82,1522522800,,7.51,312,,10.36
3.25,1.0,2018-03-31 13:00:00,3.72,0.83,cloudy,51.522287,-0.12584800000000002,,,,rain,1003.14,BL0,Overcast,6.45,1522526400,,7.12,313,,10.7
2.47,,2018-03-31 14:00:00,3.4,0.84,clear-night,51.522287,-0.12584800000000002,,,,rain,1004.09,BL0,Clear,5.94,1522530000,,7.27,311,,11.41
2.0,,2018-03-31 15:00:00,3.29,0.85,clear-night,51.522287,-0.12584800000000002,,,,rain,1004.9,BL0,Clear,5.61,1522533600,,6.72,309,,11.69
1.11,,2018-03-31 16:00:00,3.17,0.88,clear-night,51.522287,-0.12584800000000002,,,,rain,1005.74,BL0,Clear,5.01,1522537200,,6.29,310,,12.37
1.05,,2018-03-31 17:00:00,2.71,0.86,clear-night,51.522287,-0.12584800000000002,,,,rain,1006.64,BL0,Clear,4.93,1522540800,,6.77,313,,12.12
0.99,,2018-03-31 18:00:00,2.27,0.85,clear-night,51.522287,-0.12584800000000002,,,,rain,1007.41,BL0,Clear,4.61,1522544400,,7.32,314,,10.55
0.86,,2018-03-31 19:00:00,2.21,0.85,clear-night,51.522287,-0.12584800000000002,,,,rain,1008.01,BL0,Clear,4.53,1522548000,,7.21,308,,10.71
0.5,,2018-03-31 20:00:00,2.14,0.87,clear-night,51.522287,-0.12584800000000002,,,,rain,1008.51,BL0,Clear,4.12,1522551600,,7.23,309,,10.04
0.87,,2018-03-31 21:00:00,2.14,0.87,clear-night,51.522287,-0.12584800000000002,,,,rain,1008.85,BL0,Clear,4.1,1522555200,,7.23,317,,8.54
0.99,,2018-03-31 22:00:00,1.89,0.86,clear-night,51.522287,-0.12584800000000002,,,,rain,1009.55,BL0,Clear,4.09,1522558800,,7.24,312,,8.03
1.31,1.0,2018-03-31 23:00:00,1.86,0.85,cloudy,51.522287,-0.12584800000000002,,,,rain,1010.3,BL0,Overcast,4.09,1522562400,,7.3,307,,7.02
1.82,0.75,2018-04-01 00:00:00,1.91,0.84,partly-cloudy-day,51.522287,-0.12584800000000002,,,,rain,1010.93,BL0,Mostly Cloudy,4.41,1522566000,,7.28,313,,6.62
1.95,1.0,2018-04-01 01:00:00,1.92,0.83,cloudy,51.522287,-0.12584800000000002,,,,rain,1011.73,BL0,Overcast,4.62,1522569600,,7.36,310,,7.02
3.01,0.75,2018-04-01 02:00:00,1.92,0.79,partly-cloudy-day,51.522287,-0.12584800000000002,,,,rain,1012.26,BL0,Mostly Cloudy,5.29,1522573200,,7.41,317,,6.23
3.94,0.75,2018-04-01 03:00:00,1.93,0.76,partly-cloudy-day,51.522287,-0.12584800000000002,,,,rain,1012.61,BL0,Mostly Cloudy,5.81,1522576800,,7.55,326,,5.35
5.62,1.0,2018-04-01 04:00:00,1.33,0.7,cloudy,51.522287,-0.12584800000000002,,,,rain,1012.9,BL0,Overcast,6.36,1522580400,,7.52,300,,3.13
5.39,1.0,2018-04-01 05:00:00,1.38,0.7,cloudy,51.522287,-0.12584800000000002,,,,rain,1013.04,BL0,Overcast,6.44,1522584000,,7.57,300,,3.74
6.82,1.0,2018-04-01 06:00:00,1.08,0.67,cloudy,51.522287,-0.12584800000000002,,,,rain,1013.09,BL0,Overcast,6.82,1522587600,,7.57,271,,2.51
6.94,1.0,2018-04-01 07:00:00,0.96,0.66,cloudy,51.522287,-0.12584800000000002,,,,rain,1012.89,BL0,Overcast,6.94,1522591200,,7.57,243,,1.19
7.19,1.0,2018-04-01 08:00:00,0.94,0.64,cloudy,51.522287,-0.12584800000000002,,,,rain,1012.6,BL0,Overcast,7.19,1522594800,,7.57,155,,1.11
7.43,1.0,2018-04-01 09:00:00,0.57,0.62,cloudy,51.522287,-0.12584800000000002,,,,rain,1012.24,BL0,Overcast,7.43,1522598400,,7.57,142,,1.73
7.33,1.0,2018-04-01 10:00:00,0.89,0.64,cloudy,51.522287,-0.12584800000000002,,,,rain,1011.88,BL0,Overcast,7.33,1522602000,,7.57,110,,2.87
5.59,0.28,2018-04-01 11:00:00,0.93,0.65,partly-cloudy-day,51.522287,-0.12584800000000002,,,,rain,1011.55,BL0,Partly Cloudy,7.02,1522605600,,7.72,123,,4.79
5.01,0.25,2018-04-01 12:00:00,1.25,0.69,partly-cloudy-night,51.522287,-0.12584800000000002,,,,rain,1011.33,BL0,Partly Cloudy,6.57,1522609200,,7.84,123,,4.95
4.56,0.0,2018-04-01 13:00:00,1.89,0.72,clear-night,51.522287,-0.12584800000000002,,,,rain,1011.22,BL0,Clear,6.5,1522612800,,7.72,129,,5.94
3.67,0.0,2018-04-01 14:00:00,2.36,0.77,clear-night,51.522287,-0.12584800000000002,,,,rain,1010.9,BL0,Clear,6.13,1522616400,,5.98,147,,7.36
1.58,,2018-04-01 15:00:00,2.38,0.87,clear-night,51.522287,-0.12584800000000002,,,,rain,1010.56,BL0,Clear,4.32,1522620000,,4.23,145,,7.04
0.97,,2018-04-01 16:00:00,2.77,0.92,clear-night,51.522287,-0.12584800000000002,,,,rain,1009.81,BL0,Clear,3.92,1522623600,,3.75,120,,7.44
0.88,,2018-04-01 17:00:00,3.17,0.93,clear-night,51.522287,-0.12584800000000002,,,,rain,1008.62,BL0,Clear,4.17,1522627200,,3.91,110,,8.78
0.71,,2018-04-01 18:00:00,3.61,0.96,clear-night,51.522287,-0.12584800000000002,,,,rain,1007.35,BL0,Clear,4.24,1522630800,,3.48,113,,9.8
1.4,,2018-04-01 19:00:00,4.16,0.96,clear-night,51.522287,-0.12584800000000002,,,,rain,1005.93,BL0,Clear,4.71,1522634400,,3.04,120,,9.34
2.24,,2018-04-01 20:00:00,4.86,0.97,clear-night,51.522287,-0.12584800000000002,,,,rain,1004.75,BL0,Clear,5.35,1522638000,,3.47,130,,9.15
3.2,,2018-04-01 21:00:00,5.39,0.96,clear-night,51.522287,-0.12584800000000002,,,,rain,1003.38,BL0,Clear,6.06,1522641600,,3.73,138,,8.78
3.63,,2018-04-01 22:00:00,5.97,0.96,clear-night,51.522287,-0.12584800000000002,,,,rain,1002.41,BL0,Clear,6.55,1522645200,,5.08,155,,9.49
4.17,1.0,2018-04-01 23:00:00,6.31,0.95,cloudy,51.522287,-0.12584800000000002,,,,rain,1001.84,BL0,Overcast,7.02,1522648800,,6.62,162,,9.71
4.6,0.53,2018-04-02 00:00:00,6.16,0.92,partly-cloudy-day,51.522287,-0.12584800000000002,,,,rain,1001.32,BL0,Partly Cloudy,7.37,1522652400,,6.33,164,,9.67
5.44,0.28,2018-04-02 01:00:00,6.58,0.91,partly-cloudy-day,51.522287,-0.12584800000000002,,,,rain,1000.89,BL0,Partly Cloudy,8.0,1522656000,,6.46,165,,9.45
6.43,0.28,2018-04-02 02:00:00,6.87,0.86,partly-cloudy-day,51.522287,-0.12584800000000002,,,,rain,1000.25,BL0,Partly Cloudy,9.06,1522659600,,7.06,166,,11.08
10.21,0.25,2018-04-02 03:00:00,7.57,0.84,partly-cloudy-day,51.522287,-0.12584800000000002,,,,rain,999.6,BL0,Partly Cloudy,10.21,1522663200,,7.23,177,,11.46
10.53,0.28,2018-04-02 04:00:00,7.68,0.83,partly-cloudy-day,51.522287,-0.12584800000000002,,,,rain,998.78,BL0,Partly Cloudy,10.53,1522666800,,7.19,172,,11.58
6.87,1.0,2018-04-02 05:00:00,7.73,0.89,cloudy,51.522287,-0.12584800000000002,,,,rain,997.89,BL0,Overcast,9.49,1522670400,,6.75,167,,11.66
6.74,0.7,2018-04-02 06:00:00,7.69,0.89,partly-cloudy-day,51.522287,-0.12584800000000002,,,,rain,997.5,BL0,Mostly Cloudy,9.45,1522674000,,6.22,176,,12.13
6.63,1.0,2018-04-02 07:00:00,8.06,0.93,cloudy,51.522287,-0.12584800000000002,,,,rain,996.81,BL0,Overcast,9.2,1522677600,,6.1,181,,10.96
7.36,1.0,2018-04-02 08:00:00,8.16,0.9,cloudy,51.522287,-0.12584800000000002,,,,rain,996.23,BL0,Overcast,9.75,1522681200,,6.88,187,,10.73
10.1,1.0,2018-04-02 09:00:00,8.38,0.89,cloudy,51.522287,-0.12584800000000002,,,,rain,995.61,BL0,Overcast,10.1,1522684800,,5.45,189,,10.13
10.13,1.0,2018-04-02 10:00:00,8.36,0.89,cloudy,51.522287,-0.12584800000000002,,,,rain,995.16,BL0,Overcast,10.13,1522688400,,6.46,187,,9.74
10.13,1.0,2018-04-02 11:00:00,8.53,0.9,cloudy,51.522287,-0.12584800000000002,,,,rain,994.91,BL0,Overcast,10.13,1522692000,,6.93,182,,9.13
8.03,0.75,2018-04-02 12:00:00,8.45,0.91,partly-cloudy-night,51.522287,-0.12584800000000002,,,,rain,994.83,BL0,Mostly Cloudy,9.85,1522695600,,6.21,180,,7.95
7.88,,2018-04-02 13:00:00,8.88,0.93,clear-night,51.522287,-0.12584800000000002,,,,rain,994.94,BL0,Clear,9.9,1522699200,,7.3,183,,8.93
7.98,0.0,2018-04-02 14:00:00,8.9,0.93,clear-night,51.522287,-0.12584800000000002,,,,rain,994.94,BL0,Clear,9.98,1522702800,,6.29,191,,8.94
10.27,,2018-04-02 15:00:00,8.89,0.91,clear-night,51.522287,-0.12584800000000002,,,,rain,994.9,BL0,Clear,10.27,1522706400,,7.09,194,,8.91
10.2,,2018-04-02 16:00:00,8.64,0.9,clear-night,51.522287,-0.12584800000000002,,,,rain,994.94,BL0,Clear,10.2,1522710000,,7.54,195,,9.09
10.2,,2018-04-02 17:00:00,8.86,0.91,clear-night,51.522287,-0.12584800000000002,,,,rain,994.69,BL0,Clear,10.2,1522713600,,6.91,193,,9.14
10.26,,2018-04-02 18:00:00,8.88,0.91,clear-night,51.522287,-0.12584800000000002,,,,rain,994.28,BL0,Clear,10.26,1522717200,,6.01,194,,9.66
10.28,,2018-04-02 19:00:00,9.26,0.93,clear-night,51.522287,-0.12584800000000002,,,,rain,993.91,BL0,Clear,10.28,1522720800,,5.12,192,,9.99
10.38,,2018-04-02 20:00:00,9.3,0.93,clear-night,51.522287,-0.12584800000000002,,,,rain,993.49,BL0,Clear,10.38,1522724400,,5.01,191,,11.13
10.26,,2018-04-02 21:00:00,9.27,0.94,clear-night,51.522287,-0.12584800000000002,,,,rain,993.29,BL0,Clear,10.26,1522728000,,5.75,196,,12.38
10.36,,2018-04-02 22:00:00,9.24,0.93,clear-night,51.522287,-0.12584800000000002,,,,rain,993.18,BL0,Clear,10.36,1522731600,,6.72,198,,12.0
10.68,0.75,2018-04-02 23:00:00,9.21,0.91,partly-cloudy-day,51.522287,-0.12584800000000002,,,,rain,993.26,BL0,Mostly Cloudy,10.68,1522735200,,7.05,199,,11.13
10.39,1.0,2018-04-03 00:00:00,9.27,0.93,cloudy,51.522287,-0.12584800000000002,,,,rain,993.47,BL0,Overcast,10.39,1522738800,,6.22,193,,11.32
10.92,1.0,2018-04-03 01:00:00,9.28,0.9,cloudy,51.522287,-0.12584800000000002,,,,rain,993.5,BL0,Overcast,10.92,1522742400,,6.91,199,,12.14
11.43,0.75,2018-04-03 02:00:00,9.4,0.87,partly-cloudy-day,51.522287,-0.12584800000000002,,,,rain,993.75,BL0,Mostly Cloudy,11.43,1522746000,,7.17,200,,13.29
11.84,1.0,2018-04-03 03:00:00,9.44,0.85,cloudy,51.522287,-0.12584800000000002,,,,rain,994.03,BL0,Overcast,11.84,1522749600,,6.6,198,,13.38
12.03,0.75,2018-04-03 04:00:00,9.42,0.84,partly-cloudy-day,51.522287,-0.12584800000000002,,,,rain,994.29,BL0,Mostly Cloudy,12.03,1522753200,,7.52,203,,13.69
12.56,0.75,2018-04-03 05:00:00,8.96,0.79,partly-cloudy-day,51.522287,-0.12584800000000002,,,,rain,994.34,BL0,Mostly Cloudy,12.56,1522756800,,7.57,209,,14.2
13.07,0.75,2018-04-03 06:00:00,8.65,0.75,partly-cloudy-day,51.522287,-0.12584800000000002,,,,rain,994.45,BL0,Mostly Cloudy,13.07,1522760400,,7.14,215,,16.2
13.16,1.0,2018-04-03 07:00:00,7.76,0.7,cloudy,51.522287,-0.12584800000000002,,,,rain,994.37,BL0,Overcast,13.16,1522764000,,7.57,215,,15.62
12.92,0.75,2018-04-03 08:00:00,6.88,0.67,partly-cloudy-day,51.522287,-0.12584800000000002,,,,rain,994.14,BL0,Mostly Cloudy,12.92,1522767600,,7.57,218,,15.49
11.85,0.75,2018-04-03 09:00:00,7.44,0.74,partly-cloudy-day,51.522287,-0.12584800000000002,,,,rain,994.05,BL0,Mostly Cloudy,11.85,1522771200,,7.57,216,,13.9
11.86,0.52,2018-04-03 10:00:00,7.43,0.74,partly-cloudy-day,51.522287,-0.12584800000000002,,,,rain,994.42,BL0,Partly Cloudy,11.86,1522774800,,7.57,209,,14.16
11.47,0.75,2018-04-03 11:00:00,7.55,0.77,partly-cloudy-day,51.522287,-0.12584800000000002,,,,rain,994.72,BL0,Mostly Cloudy,11.47,1522778400,,7.39,210,,12.58
10.71,0.75,2018-04-03 12:00:00,7.24,0.79,partly-cloudy-night,51.522287,-0.12584800000000002,,,,rain,995.1,BL0,Mostly Cloudy,10.71,1522782000,,7.36,207,,10.81
10.05,0.5,2018-04-03 13:00:00,7.23,0.83,partly-cloudy-night,51.522287,-0.12584800000000002,,,,rain,995.58,BL0,Partly Cloudy,10.05,1522785600,,7.57,208,,10.2
7.43,0.21,2018-04-03 14:00:00,7.23,0.86,clear-night,51.522287,-0.12584800000000002,,,,rain,996.06,BL0,Clear,9.48,1522789200,,7.61,197,,8.64
7.27,0.11,2018-04-03 15:00:00,6.94,0.88,clear-night,51.522287,-0.12584800000000002,,,,rain,996.04,BL0,Clear,8.83,1522792800,,7.65,180,,6.16
7.23,0.0,2018-04-03 16:00:00,6.94,0.89,clear-night,51.522287,-0.12584800000000002,,,,rain,995.98,BL0,Clear,8.68,1522796400,,7.82,163,,5.7
6.33,0.0,2018-04-03 17:00:00,6.66,0.9,clear-night,51.522287,-0.12584800000000002,,,,rain,995.59,BL0,Clear,8.17,1522800000,,7.61,152,,6.65
5.68,0.0,2018-04-03 18:00:00,6.62,0.92,clear-night,51.522287,-0.12584800000000002,,,,rain,995.53,BL0,Clear,7.91,1522803600,,7.32,144,,7.9
5.54,0.0,2018-04-03 19:00:00,6.66,0.91,clear-night,51.522287,-0.12584800000000002,,,,rain,995.18,BL0,Clear,8.02,1522807200,,7.15,147,,9.1
6.63,0.0,2018-04-03 20:00:00,6.74,0.87,clear-night,51.522287,-0.12584800000000002,,,,rain,995.04,BL0,Clear,8.82,1522810800,,6.8,153,,8.62
6.34,0.0,2018-04-03 21:00:00,7.18,0.9,clear-night,51.522287,-0.12584800000000002,,,,rain,994.23,BL0,Clear,8.76,1522814400,,7.0,149,,9.61
5.83,0.0,2018-04-03 22:00:00,7.11,0.91,clear-night,51.522287,-0.12584800000000002,,,,rain,993.81,BL0,Clear,8.49,1522818000,,7.68,146,,10.46
5.76,0.24,2018-04-03 23:00:00,6.82,0.89,clear-day,51.522287,-0.12584800000000002,,,,rain,993.38,BL0,Clear,8.56,1522821600,,7.57,156,,11.34
6.55,0.52,2018-04-04 00:00:00,7.21,0.86,partly-cloudy-day,51.522287,-0.12584800000000002,,,,rain,993.1,BL0,Partly Cloudy,9.43,1522825200,,7.74,162,,13.22
10.78,0.75,2018-04-04 01:00:00,6.83,0.77,partly-cloudy-day,51.522287,-0.12584800000000002,,,,rain,992.82,BL0,Mostly Cloudy,10.78,1522828800,,7.57,174,,15.54
11.55,1.0,2018-04-04 02:00:00,6.93,0.73,wind,51.522287,-0.12584800000000002,,,,rain,992.95,BL0,Breezy and Overcast,11.55,1522832400,,7.46,184,,19.14
11.73,1.0,2018-04-04 03:00:00,6.14,0.69,wind,51.522287,-0.12584800000000002,,,,rain,992.74,BL0,Breezy and Overcast,11.73,1522836000,,7.36,184,,19.8
11.61,1.0,2018-04-04 04:00:00,6.07,0.69,wind,51.522287,-0.12584800000000002,,,,rain,992.71,BL0,Breezy and Overcast,11.61,1522839600,,7.17,187,,20.56
11.59,1.0,2018-04-04 05:00:00,6.53,0.71,wind,51.522287,-0.12584800000000002,,,,rain,992.62,BL0,Breezy and Overcast,11.59,1522843200,,7.3,193,,21.58
11.01,1.0,2018-04-04 06:00:00,6.56,0.74,wind,51.522287,-0.12584800000000002,,,,rain,992.78,BL0,Breezy and Overcast,11.01,1522846800,,6.4,196,,19.85
10.98,1.0,2018-04-04 07:00:00,6.93,0.76,cloudy,51.522287,-0.12584800000000002,,,,rain,992.67,BL0,Overcast,10.98,1522850400,,6.98,190,,18.63
10.87,1.0,2018-04-04 08:00:00,7.22,0.78,cloudy,51.522287,-0.12584800000000002,,,,rain,992.56,BL0,Overcast,10.87,1522854000,,6.54,203,,18.43
10.93,1.0,2018-04-04 09:00:00,6.97,0.77,cloudy,51.522287,-0.12584800000000002,,,,rain,992.6,BL0,Overcast,10.93,1522857600,,6.8,208,,17.99
10.27,0.75,2018-04-04 10:00:00,7.71,0.84,partly-cloudy-day,51.522287,-0.12584800000000002,,,,rain,993.04,BL0,Mostly Cloudy,10.27,1522861200,,7.45,213,,16.48
10.19,0.75,2018-04-04 11:00:00,7.68,0.84,partly-cloudy-day,51.522287,-0.12584800000000002,,,,rain,993.73,BL0,Mostly Cloudy,10.19,1522864800,,6.68,218,,14.03
7.11,0.4,2018-04-04 12:00:00,7.63,0.87,partly-cloudy-night,51.522287,-0.12584800000000002,,,,rain,994.57,BL0,Partly Cloudy,9.73,1522868400,,7.29,230,,12.04
10.03,0.75,2018-04-04 13:00:00,7.58,0.85,partly-cloudy-night,51.522287,-0.12584800000000002,,,,rain,995.92,BL0,Mostly Cloudy,10.03,1522872000,,7.33,241,,12.07
6.46,,2018-04-04 14:00:00,7.27,0.85,clear-night,51.522287,-0.12584800000000002,,,,rain,997.25,BL0,Clear,9.59,1522875600,,7.55,258,,15.31
5.29,,2018-04-04 15:00:00,5.42,0.79,wind,51.522287,-0.12584800000000002,,,,rain,998.67,BL0,Breezy,8.88,1522879200,,7.89,272,,17.29
4.08,,2018-04-04 16:00:00,4.08,0.77,wind,51.522287,-0.12584800000000002,,,,rain,1000.27,BL0,Breezy,7.87,1522882800,,7.91,271,,16.54
3.59,,2018-04-04 17:00:00,3.22,0.76,clear-night,51.522287,-0.12584800000000002,,,,rain,1001.36,BL0,Clear,7.21,1522886400,,7.91,271,,14.04
3.34,,2018-04-04 18:00:00,2.78,0.74,clear-night,51.522287,-0.12584800000000002,,,,rain,1002.76,BL0,Clear,7.09,1522890000,,7.91,279,,14.71
2.6,,2018-04-04 19:00:00,2.04,0.73,clear-night,51.522287,-0.12584800000000002,,,,rain,1004.34,BL0,Clear,6.5,1522893600,,7.91,295,,14.62
1.58,,2018-04-04 20:00:00,1.69,0.76,clear-night,51.522287,-0.12584800000000002,,,,rain,1006.3,BL0,Clear,5.56,1522897200,,7.91,307,,13.59
1.38,,2018-04-04 21:00:00,1.55,0.78,clear-night,51.522287,-0.12584800000000002,,,,rain,1007.95,BL0,Clear,5.16,1522900800,,7.91,308,,11.95
1.18,,2018-04-04 22:00:00,1.01,0.75,clear-night,51.522287,-0.12584800000000002,,,,rain,1009.53,BL0,Clear,5.01,1522904400,,7.74,310,,11.97
1.34,0.13,2018-04-04 23:00:00,0.58,0.75,clear-day,51.522287,-0.12584800000000002,,,,rain,1011.4,BL0,Clear,4.65,1522908000,,7.57,311,,9.31
2.06,0.08,2018-04-05 00:00:00,0.84,0.74,clear-day,51.522287,-0.12584800000000002,,,,rain,1012.85,BL0,Clear,5.15,1522911600,,7.57,315,,8.88
2.77,0.07,2018-04-05 01:00:00,0.13,0.66,clear-day,51.522287,-0.12584800000000002,,,,rain,1014.28,BL0,Clear,5.92,1522915200,,7.57,310,,9.88
4.68,0.07,2018-04-05 02:00:00,0.18,0.61,clear-day,51.522287,-0.12584800000000002,,,,rain,1015.36,BL0,Clear,7.15,1522918800,,7.57,314,,8.21
6.02,0.07,2018-04-05 03:00:00,0.12,0.58,clear-day,51.522287,-0.12584800000000002,,,,rain,1016.42,BL0,Clear,7.97,1522922400,,7.57,319,,6.89
7.84,0.07,2018-04-05 04:00:00,-1.78,0.47,clear-day,51.522287,-0.12584800000000002,,,,rain,1017.08,BL0,Clear,9.03,1522926000,,7.57,283,,5.1
10.02,0.17,2018-04-05 05:00:00,-2.32,0.42,clear-day,51.522287,-0.12584800000000002,,,,rain,1017.44,BL0,Clear,10.02,1522929600,,7.57,298,,3.03
11.47,0.17,2018-04-05 06:00:00,-1.71,0.4,clear-day,51.522287,-0.12584800000000002,,,,rain,1017.51,BL0,Clear,11.47,1522933200,,7.8,227,,3.49
12.08,0.07,2018-04-05 07:00:00,-1.89,0.38,clear-day,51.522287,-0.12584800000000002,,,,rain,1017.59,BL0,Clear,12.08,1522936800,,7.8,213,,2.98
12.51,0.17,2018-04-05 08:00:00,-1.86,0.37,clear-day,51.522287,-0.12584800000000002,,,,rain,1017.82,BL0,Clear,12.51,1522940400,,7.8,189,,7.24
11.62,0.17,2018-04-05 09:00:00,-1.92,0.39,clear-day,51.522287,-0.12584800000000002,,,,rain,1017.8,BL0,Clear,11.62,1522944000,,7.63,184,,7.83
11.03,0.17,2018-04-05 10:00:00,0.41,0.48,clear-day,51.522287,-0.12584800000000002,,,,rain,1017.84,BL0,Clear,11.03,1522947600,,7.91,168,,8.04
6.86,0.17,2018-04-05 11:00:00,0.94,0.56,clear-day,51.522287,-0.12584800000000002,,,,rain,1018.18,BL0,Clear,9.27,1522951200,,8.12,174,,10.22
5.67,0.17,2018-04-05 12:00:00,0.66,0.59,clear-night,51.522287,-0.12584800000000002,,,,rain,1018.47,BL0,Clear,8.09,1522954800,,8.12,167,,8.94
4.8,0.22,2018-04-05 13:00:00,0.63,0.64,clear-night,51.522287,-0.12584800000000002,,,,rain,1018.66,BL0,Clear,7.05,1522958400,,8.12,156,,7.3
4.24,0.17,2018-04-05 14:00:00,0.64,0.65,clear-night,51.522287,-0.12584800000000002,,,,rain,1018.65,BL0,Clear,6.67,1522962000,,8.12,147,,7.65
3.18,0.0,2018-04-05 15:00:00,0.86,0.7,clear-night,51.522287,-0.12584800000000002,,,,rain,1018.34,BL0,Clear,5.91,1522965600,,8.12,141,,8.15
